seed,topology_model,n_cells,n_sites,missing_rate,mutation_rate,repeat,triplet_samples_requested,possible_triplets,simulation_seconds,sampled_triplets_inferred,sampled_triplet_coverage,algorithm,triplet_accuracy,rf_similarity,triplet_inference_seconds,solve_seconds,evaluation_seconds,status,error
305122026,random_binary_leaf_splitting,512,30,0.1,0.8,0,50000,22238720,0.3004116409999824,48389,0.96778,SampledRecursiveTMC_SMJ32,0.5666,0.0,2.21415428399996,74.54537359800008,0.8012041409999711,ok,
305122026,random_binary_leaf_splitting,512,30,0.1,0.8,0,50000,22238720,0.3004116409999824,48389,0.96778,VanillaGreedy,0.6634,0.033333333333333326,0.0,1.4298579039999595,0.8151241649999292,ok,
305122026,random_binary_leaf_splitting,512,30,0.1,0.8,0,50000,22238720,0.3004116409999824,48389,0.96778,UPGMA,0.6282,0.04705882352941182,0.0,3.3207400469999584,0.8363481249999722,ok,
305122026,random_binary_leaf_splitting,512,30,0.1,0.8,0,50000,22238720,0.3004116409999824,48389,0.96778,NeighborJoining,0.5166,0.04117647058823526,0.0,4.88943301200004,0.814271260000055,ok,
305122027,random_binary_leaf_splitting,512,30,0.1,0.8,1,50000,22238720,0.23783419800008687,48349,0.96698,SampledRecursiveTMC_SMJ32,0.4662,0.0,1.750414702999933,67.83390583099992,0.7097631190000584,ok,
305122027,random_binary_leaf_splitting,512,30,0.1,0.8,1,50000,22238720,0.23783419800008687,48349,0.96698,VanillaGreedy,0.6482,0.027450980392156876,0.0,1.3891094109999358,0.7516387269999996,ok,
305122027,random_binary_leaf_splitting,512,30,0.1,0.8,1,50000,22238720,0.23783419800008687,48349,0.96698,UPGMA,0.602,0.039215686274509776,0.0,1.269563330999972,0.6885395400000789,ok,
305122027,random_binary_leaf_splitting,512,30,0.1,0.8,1,50000,22238720,0.23783419800008687,48349,0.96698,NeighborJoining,0.5218,0.03529411764705881,0.0,1.5246286309999277,0.8607015299999148,ok,
305122028,random_binary_leaf_splitting,512,30,0.1,0.8,2,50000,22238720,0.2085463079999954,48343,0.96686,SampledRecursiveTMC_SMJ32,0.663,0.0,1.6616315859999986,64.52276524699994,0.5853763829999252,ok,
305122028,random_binary_leaf_splitting,512,30,0.1,0.8,2,50000,22238720,0.2085463079999954,48343,0.96686,VanillaGreedy,0.5972,0.025490196078431393,0.0,0.78838090499994,0.727857606999919,ok,
305122028,random_binary_leaf_splitting,512,30,0.1,0.8,2,50000,22238720,0.2085463079999954,48343,0.96686,UPGMA,0.6168,0.039215686274509776,0.0,1.101916625000058,0.7623502789999748,ok,
305122028,random_binary_leaf_splitting,512,30,0.1,0.8,2,50000,22238720,0.2085463079999954,48343,0.96686,NeighborJoining,0.59,0.04117647058823526,0.0,1.2198183159999871,1.0264837680000483,ok,
305122029,random_binary_leaf_splitting,512,30,0.1,0.8,3,50000,22238720,0.28430517100002817,48261,0.96522,SampledRecursiveTMC_SMJ32,0.4936,0.0,1.7041792610000357,63.77163680199999,0.7523940080000102,ok,
305122029,random_binary_leaf_splitting,512,30,0.1,0.8,3,50000,22238720,0.28430517100002817,48261,0.96522,VanillaGreedy,0.5644,0.00588235294117645,0.0,0.8836588330000268,0.8253411809999989,ok,
305122029,random_binary_leaf_splitting,512,30,0.1,0.8,3,50000,22238720,0.28430517100002817,48261,0.96522,UPGMA,0.4596,0.02352941176470591,0.0,1.3277606959999275,0.7649991870000576,ok,
305122029,random_binary_leaf_splitting,512,30,0.1,0.8,3,50000,22238720,0.28430517100002817,48261,0.96522,NeighborJoining,0.4576,0.019607843137254943,0.0,1.1587526839999782,0.9922358909999502,ok,
305122030,random_binary_leaf_splitting,512,30,0.1,0.8,4,50000,22238720,0.22046969400003036,48486,0.96972,SampledRecursiveTMC_SMJ32,0.575,0.0,1.7020276409999724,69.92685531400002,0.8943175130000327,ok,
305122030,random_binary_leaf_splitting,512,30,0.1,0.8,4,50000,22238720,0.22046969400003036,48486,0.96972,VanillaGreedy,0.6766,0.03529411764705881,0.0,1.4189555520001704,0.9789571610001531,ok,
305122030,random_binary_leaf_splitting,512,30,0.1,0.8,4,50000,22238720,0.22046969400003036,48486,0.96972,UPGMA,0.6822,0.039215686274509776,0.0,1.4368082980001873,1.3406682739998814,ok,
305122030,random_binary_leaf_splitting,512,30,0.1,0.8,4,50000,22238720,0.22046969400003036,48486,0.96972,NeighborJoining,0.592,0.039215686274509776,0.0,2.1329309949999242,1.2153223549998984,ok,
305122031,random_binary_leaf_splitting,512,30,0.1,0.8,5,50000,22238720,0.5288208309998481,48370,0.9674,SampledRecursiveTMC_SMJ32,0.4494,0.0,2.7469461660000434,73.90583067599982,1.1353177969999706,ok,
305122031,random_binary_leaf_splitting,512,30,0.1,0.8,5,50000,22238720,0.5288208309998481,48370,0.9674,VanillaGreedy,0.6104,0.027477919528949957,0.0,1.589643125999828,1.1175498190000326,ok,
305122031,random_binary_leaf_splitting,512,30,0.1,0.8,5,50000,22238720,0.5288208309998481,48370,0.9674,UPGMA,0.5722,0.04117647058823526,0.0,1.6980594890001157,1.0465056080001887,ok,
305122031,random_binary_leaf_splitting,512,30,0.1,0.8,5,50000,22238720,0.5288208309998481,48370,0.9674,NeighborJoining,0.5172,0.045098039215686225,0.0,1.621458936999943,1.2876808319999782,ok,
305122032,random_binary_leaf_splitting,512,30,0.1,0.8,6,50000,22238720,0.24933392999992066,48386,0.96772,SampledRecursiveTMC_SMJ32,0.4864,0.0,1.9037261190001118,76.741745605,0.8398019690000638,ok,
305122032,random_binary_leaf_splitting,512,30,0.1,0.8,6,50000,22238720,0.24933392999992066,48386,0.96772,VanillaGreedy,0.5884,0.025515210991167825,0.0,1.3171342779999122,1.1535768020000887,ok,
305122032,random_binary_leaf_splitting,512,30,0.1,0.8,6,50000,22238720,0.24933392999992066,48386,0.96772,UPGMA,0.5928,0.033333333333333326,0.0,1.5732055959999798,1.0144259619999048,ok,
305122032,random_binary_leaf_splitting,512,30,0.1,0.8,6,50000,22238720,0.24933392999992066,48386,0.96772,NeighborJoining,0.4946,0.025490196078431393,0.0,1.63035633100003,0.9725943769999503,ok,
305122033,random_binary_leaf_splitting,512,30,0.1,0.8,7,50000,22238720,0.2491841349999504,48408,0.96816,SampledRecursiveTMC_SMJ32,0.5026,0.0,2.0805210269998042,84.24308899499988,0.878937267000083,ok,
305122033,random_binary_leaf_splitting,512,30,0.1,0.8,7,50000,22238720,0.2491841349999504,48408,0.96816,VanillaGreedy,0.6284,0.019607843137254943,0.0,1.0467562409999118,0.8307889019999948,ok,
305122033,random_binary_leaf_splitting,512,30,0.1,0.8,7,50000,22238720,0.2491841349999504,48408,0.96816,UPGMA,0.554,0.04705882352941182,0.0,1.5974462770000173,0.7811011109999981,ok,
305122033,random_binary_leaf_splitting,512,30,0.1,0.8,7,50000,22238720,0.2491841349999504,48408,0.96816,NeighborJoining,0.4382,0.045098039215686225,0.0,1.3932570810000016,0.9284362880000572,ok,
305122034,random_binary_leaf_splitting,512,30,0.1,0.8,8,50000,22238720,0.27716244199996254,48256,0.96512,SampledRecursiveTMC_SMJ32,0.68,0.0,1.9844473309999557,71.69592025099996,0.8821607400000175,ok,
305122034,random_binary_leaf_splitting,512,30,0.1,0.8,8,50000,22238720,0.27716244199996254,48256,0.96512,VanillaGreedy,0.4962,0.019607843137254943,0.0,1.1643233390000205,0.8621524720001617,ok,
305122034,random_binary_leaf_splitting,512,30,0.1,0.8,8,50000,22238720,0.27716244199996254,48256,0.96512,UPGMA,0.6818,0.05490196078431375,0.0,1.9857927010000367,1.3286554589999469,ok,
305122034,random_binary_leaf_splitting,512,30,0.1,0.8,8,50000,22238720,0.27716244199996254,48256,0.96512,NeighborJoining,0.536,0.0607843137254902,0.0,1.8170056020001084,1.044807856000034,ok,
305122035,random_binary_leaf_splitting,512,30,0.1,0.8,9,50000,22238720,0.31626089199994567,48393,0.96786,SampledRecursiveTMC_SMJ32,0.6178,0.0,2.223509196999885,77.15211262399998,0.706051084000137,ok,
305122035,random_binary_leaf_splitting,512,30,0.1,0.8,9,50000,22238720,0.31626089199994567,48393,0.96786,VanillaGreedy,0.5724,0.039215686274509776,0.0,1.0843206909999026,0.8440933229999246,ok,
305122035,random_binary_leaf_splitting,512,30,0.1,0.8,9,50000,22238720,0.31626089199994567,48393,0.96786,UPGMA,0.6308,0.06666666666666665,0.0,1.563991858999998,0.7640678939999361,ok,
305122035,random_binary_leaf_splitting,512,30,0.1,0.8,9,50000,22238720,0.31626089199994567,48393,0.96786,NeighborJoining,0.5024,0.06862745098039214,0.0,1.340800075000061,0.7045948800000588,ok,
305122036,random_binary_leaf_splitting,512,30,0.1,0.8,10,50000,22238720,0.19756979600015256,48358,0.96716,SampledRecursiveTMC_SMJ32,0.552,0.0,1.709873466999852,64.82100053599993,0.6583871099999214,ok,
305122036,random_binary_leaf_splitting,512,30,0.1,0.8,10,50000,22238720,0.19756979600015256,48358,0.96716,VanillaGreedy,0.5698,0.015686274509803977,0.0,1.1738852049998059,0.8122823559999688,ok,
305122036,random_binary_leaf_splitting,512,30,0.1,0.8,10,50000,22238720,0.19756979600015256,48358,0.96716,UPGMA,0.5042,0.025490196078431393,0.0,1.2845987210000658,0.7476597099998799,ok,
305122036,random_binary_leaf_splitting,512,30,0.1,0.8,10,50000,22238720,0.19756979600015256,48358,0.96716,NeighborJoining,0.44,0.025490196078431393,0.0,1.0751773270001195,0.7082576360000985,ok,
305122037,random_binary_leaf_splitting,512,30,0.1,0.8,11,50000,22238720,0.29058324600009655,48381,0.96762,SampledRecursiveTMC_SMJ32,0.6038,0.0,1.70738517399991,66.94846990399992,0.727070822000087,ok,
305122037,random_binary_leaf_splitting,512,30,0.1,0.8,11,50000,22238720,0.29058324600009655,48381,0.96762,VanillaGreedy,0.6914,0.02352941176470591,0.0,1.1171799940000255,0.7125447549999535,ok,
305122037,random_binary_leaf_splitting,512,30,0.1,0.8,11,50000,22238720,0.29058324600009655,48381,0.96762,UPGMA,0.6478,0.06470588235294117,0.0,1.3880508679999366,0.6895162729999811,ok,
305122037,random_binary_leaf_splitting,512,30,0.1,0.8,11,50000,22238720,0.29058324600009655,48381,0.96762,NeighborJoining,0.5146,0.0607843137254902,0.0,1.2696125200000097,0.7285633649998999,ok,
305122038,random_binary_leaf_splitting,512,30,0.1,0.8,12,50000,22238720,0.22529712899995502,48316,0.96632,SampledRecursiveTMC_SMJ32,0.5018,0.0,1.7721993140000905,71.69394466500012,0.8937648359999457,ok,
305122038,random_binary_leaf_splitting,512,30,0.1,0.8,12,50000,22238720,0.22529712899995502,48316,0.96632,VanillaGreedy,0.564,0.037291462217860616,0.0,1.4986410240001078,0.9361673349999364,ok,
305122038,random_binary_leaf_splitting,512,30,0.1,0.8,12,50000,22238720,0.22529712899995502,48316,0.96632,UPGMA,0.6134,0.050980392156862786,0.0,1.625943136999922,1.124646881999979,ok,
305122038,random_binary_leaf_splitting,512,30,0.1,0.8,12,50000,22238720,0.22529712899995502,48316,0.96632,NeighborJoining,0.5434,0.06666666666666665,0.0,1.5301778289999675,0.9290441640000608,ok,
305122039,random_binary_leaf_splitting,512,30,0.1,0.8,13,50000,22238720,0.24985121399981836,48235,0.9647,SampledRecursiveTMC_SMJ32,0.6634,0.0,1.9756466649998856,66.88235246099998,0.7739462730000923,ok,
305122039,random_binary_leaf_splitting,512,30,0.1,0.8,13,50000,22238720,0.24985121399981836,48235,0.9647,VanillaGreedy,0.5932,0.03137254901960784,0.0,1.11641310899995,0.7721178869999221,ok,
305122039,random_binary_leaf_splitting,512,30,0.1,0.8,13,50000,22238720,0.24985121399981836,48235,0.9647,UPGMA,0.616,0.08431372549019611,0.0,1.1816850420000264,0.6620929320001778,ok,
305122039,random_binary_leaf_splitting,512,30,0.1,0.8,13,50000,22238720,0.24985121399981836,48235,0.9647,NeighborJoining,0.5696,0.07058823529411762,0.0,1.317714818000013,0.7104164090001177,ok,
305122040,random_binary_leaf_splitting,512,30,0.1,0.8,14,50000,22238720,0.23740795499998057,48461,0.96922,SampledRecursiveTMC_SMJ32,0.593,0.0,1.6830862290000823,55.00627945700012,0.6002405729998372,ok,
305122040,random_binary_leaf_splitting,512,30,0.1,0.8,14,50000,22238720,0.23740795499998057,48461,0.96922,VanillaGreedy,0.7828,0.019607843137254943,0.0,1.167530467000006,0.7017516920000162,ok,
305122040,random_binary_leaf_splitting,512,30,0.1,0.8,14,50000,22238720,0.23740795499998057,48461,0.96922,UPGMA,0.684,0.027450980392156876,0.0,1.1024721480000608,0.6629797670000244,ok,
305122040,random_binary_leaf_splitting,512,30,0.1,0.8,14,50000,22238720,0.23740795499998057,48461,0.96922,NeighborJoining,0.5186,0.02941176470588236,0.0,1.1608900290000292,0.7080650109999169,ok,
305122041,random_binary_leaf_splitting,512,30,0.1,0.8,15,50000,22238720,0.22771894999982578,48217,0.96434,SampledRecursiveTMC_SMJ32,0.4826,0.0,1.8299480769999263,63.81910165500017,0.7764671600000383,ok,
305122041,random_binary_leaf_splitting,512,30,0.1,0.8,15,50000,22238720,0.22771894999982578,48217,0.96434,VanillaGreedy,0.7092,0.019607843137254943,0.0,1.3695402359999207,0.9103251030001047,ok,
305122041,random_binary_leaf_splitting,512,30,0.1,0.8,15,50000,22238720,0.22771894999982578,48217,0.96434,UPGMA,0.6278,0.033333333333333326,0.0,1.4058066430000054,0.7425587640000231,ok,
305122041,random_binary_leaf_splitting,512,30,0.1,0.8,15,50000,22238720,0.22771894999982578,48217,0.96434,NeighborJoining,0.5888,0.02941176470588236,0.0,1.1215290650000043,0.8413963650000369,ok,
305122042,random_binary_leaf_splitting,512,30,0.1,0.8,16,50000,22238720,0.21398917000010442,48452,0.96904,SampledRecursiveTMC_SMJ32,0.7578,0.0,1.5290563769999608,63.20501966200004,0.7014267150000251,ok,
305122042,random_binary_leaf_splitting,512,30,0.1,0.8,16,50000,22238720,0.21398917000010442,48452,0.96904,VanillaGreedy,0.5372,0.033333333333333326,0.0,0.9995189459998528,0.990452932999915,ok,
305122042,random_binary_leaf_splitting,512,30,0.1,0.8,16,50000,22238720,0.21398917000010442,48452,0.96904,UPGMA,0.8506,0.08431372549019611,0.0,1.2502936419998605,0.7138935820000825,ok,
305122042,random_binary_leaf_splitting,512,30,0.1,0.8,16,50000,22238720,0.21398917000010442,48452,0.96904,NeighborJoining,0.4684,0.08039215686274515,0.0,1.1924281520000477,0.7870369419999861,ok,
305122043,random_binary_leaf_splitting,512,30,0.1,0.8,17,50000,22238720,0.24910608599975603,48408,0.96816,SampledRecursiveTMC_SMJ32,0.5762,0.0,1.7345059379999839,66.56375839900011,0.6482701240001916,ok,
305122043,random_binary_leaf_splitting,512,30,0.1,0.8,17,50000,22238720,0.24910608599975603,48408,0.96816,VanillaGreedy,0.542,0.02941176470588236,0.0,1.1418162719996872,0.734845297999982,ok,
305122043,random_binary_leaf_splitting,512,30,0.1,0.8,17,50000,22238720,0.24910608599975603,48408,0.96816,UPGMA,0.5428,0.06862745098039214,0.0,1.076476133000142,0.7463512829999672,ok,
305122043,random_binary_leaf_splitting,512,30,0.1,0.8,17,50000,22238720,0.24910608599975603,48408,0.96816,NeighborJoining,0.4868,0.06470588235294117,0.0,1.254354400000011,0.7418909309999435,ok,
305122044,random_binary_leaf_splitting,512,30,0.1,0.8,18,50000,22238720,0.22627893100025176,48315,0.9663,SampledRecursiveTMC_SMJ32,0.679,0.0,1.6106068679996497,59.62702394799999,0.7264309070001218,ok,
305122044,random_binary_leaf_splitting,512,30,0.1,0.8,18,50000,22238720,0.22627893100025176,48315,0.9663,VanillaGreedy,0.6242,0.04317958783120701,0.0,1.6835127529998317,0.7731874870000865,ok,
305122044,random_binary_leaf_splitting,512,30,0.1,0.8,18,50000,22238720,0.22627893100025176,48315,0.9663,UPGMA,0.782,0.08431372549019611,0.0,1.4831305499997143,0.6987944100001187,ok,
305122044,random_binary_leaf_splitting,512,30,0.1,0.8,18,50000,22238720,0.22627893100025176,48315,0.9663,NeighborJoining,0.5134,0.08039215686274515,0.0,1.2249420749999445,0.6439031740001155,ok,
305122045,random_binary_leaf_splitting,512,30,0.1,0.8,19,50000,22238720,0.20345247200020822,48305,0.9661,SampledRecursiveTMC_SMJ32,0.5554,0.0,1.588630727999771,64.14923953200014,0.6465887219997057,ok,
305122045,random_binary_leaf_splitting,512,30,0.1,0.8,19,50000,22238720,0.20345247200020822,48305,0.9661,VanillaGreedy,0.6098,0.023552502453385693,0.0,1.0715784029998758,0.6664759609998328,ok,
305122045,random_binary_leaf_splitting,512,30,0.1,0.8,19,50000,22238720,0.20345247200020822,48305,0.9661,UPGMA,0.5214,0.039215686274509776,0.0,1.4518761499998618,0.6736063210000793,ok,
305122045,random_binary_leaf_splitting,512,30,0.1,0.8,19,50000,22238720,0.20345247200020822,48305,0.9661,NeighborJoining,0.5212,0.03725490196078429,0.0,1.262896101000024,0.6767423810001674,ok,
305122046,random_binary_leaf_splitting,512,30,0.1,0.8,20,50000,22238720,0.24395331599998826,48249,0.96498,SampledRecursiveTMC_SMJ32,0.6114,0.0,1.6588789950001228,58.768063815000005,0.6791687350000757,ok,
305122046,random_binary_leaf_splitting,512,30,0.1,0.8,20,50000,22238720,0.24395331599998826,48249,0.96498,VanillaGreedy,0.5002,0.01764705882352946,0.0,0.9323876919997929,0.7376706129998638,ok,
305122046,random_binary_leaf_splitting,512,30,0.1,0.8,20,50000,22238720,0.24395331599998826,48249,0.96498,UPGMA,0.6712,0.050980392156862786,0.0,1.4155192780003745,0.7198588459996245,ok,
305122046,random_binary_leaf_splitting,512,30,0.1,0.8,20,50000,22238720,0.24395331599998826,48249,0.96498,NeighborJoining,0.5024,0.0490196078431373,0.0,1.1892840670002442,0.7104887850000523,ok,
305122047,random_binary_leaf_splitting,512,30,0.1,0.8,21,50000,22238720,0.1980668570004127,48335,0.9667,SampledRecursiveTMC_SMJ32,0.6356,0.0,1.469170361000124,56.524168346999886,0.7552534939995894,ok,
305122047,random_binary_leaf_splitting,512,30,0.1,0.8,21,50000,22238720,0.1980668570004127,48335,0.9667,VanillaGreedy,0.483,0.01764705882352946,0.0,1.1498471579998295,0.8841089929996997,ok,
305122047,random_binary_leaf_splitting,512,30,0.1,0.8,21,50000,22238720,0.1980668570004127,48335,0.9667,UPGMA,0.4672,0.05294117647058827,0.0,1.4246534700000666,0.8782749099996181,ok,
305122047,random_binary_leaf_splitting,512,30,0.1,0.8,21,50000,22238720,0.1980668570004127,48335,0.9667,NeighborJoining,0.5156,0.04313725490196074,0.0,1.3333865189997596,0.7133348139996087,ok,
305122048,random_binary_leaf_splitting,512,30,0.1,0.8,22,50000,22238720,0.25342509499978405,48432,0.96864,SampledRecursiveTMC_SMJ32,0.6266,0.0,1.6152440820001175,64.23669850599981,0.8811163459999989,ok,
305122048,random_binary_leaf_splitting,512,30,0.1,0.8,22,50000,22238720,0.25342509499978405,48432,0.96864,VanillaGreedy,0.7628,0.01962708537782143,0.0,1.160330133000116,0.8995951209999475,ok,
305122048,random_binary_leaf_splitting,512,30,0.1,0.8,22,50000,22238720,0.25342509499978405,48432,0.96864,UPGMA,0.6486,0.04705882352941182,0.0,1.4121893940000518,0.6311671640000895,ok,
305122048,random_binary_leaf_splitting,512,30,0.1,0.8,22,50000,22238720,0.25342509499978405,48432,0.96864,NeighborJoining,0.6242,0.039215686274509776,0.0,1.2384523770001579,0.7390381650002382,ok,
305122049,random_binary_leaf_splitting,512,30,0.1,0.8,23,50000,22238720,0.23301312900002813,48323,0.96646,SampledRecursiveTMC_SMJ32,0.479,0.0,1.634227256000031,65.19338793999987,0.8464853079999557,ok,
305122049,random_binary_leaf_splitting,512,30,0.1,0.8,23,50000,22238720,0.23301312900002813,48323,0.96646,VanillaGreedy,0.5198,0.03137254901960784,0.0,0.9509716160000607,0.7063806329997533,ok,
305122049,random_binary_leaf_splitting,512,30,0.1,0.8,23,50000,22238720,0.23301312900002813,48323,0.96646,UPGMA,0.499,0.04705882352941182,0.0,1.4877323149999029,0.7618755969997437,ok,
305122049,random_binary_leaf_splitting,512,30,0.1,0.8,23,50000,22238720,0.23301312900002813,48323,0.96646,NeighborJoining,0.3858,0.0490196078431373,0.0,1.178263268000137,0.6328537500003222,ok,
305122050,random_binary_leaf_splitting,512,30,0.1,0.8,24,50000,22238720,0.22559491399988474,48351,0.96702,SampledRecursiveTMC_SMJ32,0.5026,0.0,1.5014422409999497,64.14146756499986,0.8394304169996758,ok,
305122050,random_binary_leaf_splitting,512,30,0.1,0.8,24,50000,22238720,0.22559491399988474,48351,0.96702,VanillaGreedy,0.6446,0.015686274509803977,0.0,1.2190560280000682,0.7962718130002031,ok,
305122050,random_binary_leaf_splitting,512,30,0.1,0.8,24,50000,22238720,0.22559491399988474,48351,0.96702,UPGMA,0.569,0.039215686274509776,0.0,1.2922696549999273,0.6689447339999788,ok,
305122050,random_binary_leaf_splitting,512,30,0.1,0.8,24,50000,22238720,0.22559491399988474,48351,0.96702,NeighborJoining,0.338,0.04313725490196074,0.0,1.4300557820001814,0.7704522720000568,ok,
305122051,random_binary_leaf_splitting,512,30,0.1,0.8,25,50000,22238720,0.21362630499970692,48320,0.9664,SampledRecursiveTMC_SMJ32,0.6256,0.0,1.5791664039998068,58.494940587999736,0.6173737300000539,ok,
305122051,random_binary_leaf_splitting,512,30,0.1,0.8,25,50000,22238720,0.21362630499970692,48320,0.9664,VanillaGreedy,0.6718,0.039215686274509776,0.0,1.041421888000059,0.7508932979999372,ok,
305122051,random_binary_leaf_splitting,512,30,0.1,0.8,25,50000,22238720,0.21362630499970692,48320,0.9664,UPGMA,0.7262,0.05490196078431375,0.0,1.3006440750000365,0.7657906499998717,ok,
305122051,random_binary_leaf_splitting,512,30,0.1,0.8,25,50000,22238720,0.21362630499970692,48320,0.9664,NeighborJoining,0.5516,0.056862745098039236,0.0,1.291026174000308,0.7433193779997964,ok,
305122052,random_binary_leaf_splitting,512,30,0.1,0.8,26,50000,22238720,0.2516809489998195,48324,0.96648,SampledRecursiveTMC_SMJ32,0.4482,0.0,2.0571222919998036,65.36007010599997,0.6907932219996837,ok,
305122052,random_binary_leaf_splitting,512,30,0.1,0.8,26,50000,22238720,0.2516809489998195,48324,0.96648,VanillaGreedy,0.6626,0.001962708537782132,0.0,0.9528001989997392,0.7849860389997048,ok,
305122052,random_binary_leaf_splitting,512,30,0.1,0.8,26,50000,22238720,0.2516809489998195,48324,0.96648,UPGMA,0.5034,0.01764705882352946,0.0,1.2078269670000736,0.9904961859997456,ok,
305122052,random_binary_leaf_splitting,512,30,0.1,0.8,26,50000,22238720,0.2516809489998195,48324,0.96648,NeighborJoining,0.364,0.025490196078431393,0.0,1.9029660040000635,0.9808037660000082,ok,
305122053,random_binary_leaf_splitting,512,30,0.1,0.8,27,50000,22238720,0.3288583280000239,48347,0.96694,SampledRecursiveTMC_SMJ32,0.595,0.0,1.836366162000104,63.943495964999784,0.799027801000193,ok,
305122053,random_binary_leaf_splitting,512,30,0.1,0.8,27,50000,22238720,0.3288583280000239,48347,0.96694,VanillaGreedy,0.5652,0.03137254901960784,0.0,1.2783230629997888,0.7653878139999506,ok,
305122053,random_binary_leaf_splitting,512,30,0.1,0.8,27,50000,22238720,0.3288583280000239,48347,0.96694,UPGMA,0.706,0.045098039215686225,0.0,1.580924983999921,0.8346030409998093,ok,
305122053,random_binary_leaf_splitting,512,30,0.1,0.8,27,50000,22238720,0.3288583280000239,48347,0.96694,NeighborJoining,0.5546,0.04313725490196074,0.0,1.42095796600006,1.156778187999862,ok,
305122054,random_binary_leaf_splitting,512,30,0.1,0.8,28,50000,22238720,0.3966382190001241,48294,0.96588,SampledRecursiveTMC_SMJ32,0.5144,0.0,2.244280341000376,64.41460877799955,0.7164548480000121,ok,
305122054,random_binary_leaf_splitting,512,30,0.1,0.8,28,50000,22238720,0.3966382190001241,48294,0.96588,VanillaGreedy,0.4594,0.02352941176470591,0.0,1.3737966140001845,0.8221531429999231,ok,
305122054,random_binary_leaf_splitting,512,30,0.1,0.8,28,50000,22238720,0.3966382190001241,48294,0.96588,UPGMA,0.4658,0.06666666666666665,0.0,1.1633007290001842,0.6439261509999596,ok,
305122054,random_binary_leaf_splitting,512,30,0.1,0.8,28,50000,22238720,0.3966382190001241,48294,0.96588,NeighborJoining,0.4888,0.06274509803921569,0.0,1.5208830440001293,1.048028942000201,ok,
305122055,random_binary_leaf_splitting,512,30,0.1,0.8,29,50000,22238720,0.25021740600004705,48332,0.96664,SampledRecursiveTMC_SMJ32,0.5282,0.0,2.1710061590001715,70.17742815600013,0.8857083359998796,ok,
305122055,random_binary_leaf_splitting,512,30,0.1,0.8,29,50000,22238720,0.25021740600004705,48332,0.96664,VanillaGreedy,0.614,0.019607843137254943,0.0,1.3815993260000141,0.9951060789999246,ok,
305122055,random_binary_leaf_splitting,512,30,0.1,0.8,29,50000,22238720,0.25021740600004705,48332,0.96664,UPGMA,0.5156,0.021568627450980427,0.0,1.583006069000021,1.0078293690003193,ok,
305122055,random_binary_leaf_splitting,512,30,0.1,0.8,29,50000,22238720,0.25021740600004705,48332,0.96664,NeighborJoining,0.4364,0.025490196078431393,0.0,1.2857371869999952,0.7504852160000155,ok,
305122056,random_binary_leaf_splitting,512,30,0.1,0.8,30,50000,22238720,0.24752869900021324,48318,0.96636,SampledRecursiveTMC_SMJ32,0.5804,0.0,1.6607341290000477,62.181396294000024,0.5911160839996228,ok,
305122056,random_binary_leaf_splitting,512,30,0.1,0.8,30,50000,22238720,0.24752869900021324,48318,0.96636,VanillaGreedy,0.493,0.03529411764705881,0.0,0.8500011679998352,0.7151801650002199,ok,
305122056,random_binary_leaf_splitting,512,30,0.1,0.8,30,50000,22238720,0.24752869900021324,48318,0.96636,UPGMA,0.6824,0.07058823529411762,0.0,1.445628365000175,0.9646931970000878,ok,
305122056,random_binary_leaf_splitting,512,30,0.1,0.8,30,50000,22238720,0.24752869900021324,48318,0.96636,NeighborJoining,0.4784,0.08235294117647063,0.0,1.406173075999959,0.8187475529998665,ok,
305122057,random_binary_leaf_splitting,512,30,0.1,0.8,31,50000,22238720,0.4663790580002569,48369,0.96738,SampledRecursiveTMC_SMJ32,0.5054,0.0,2.0802658229999906,77.53540690499995,0.8934807760001604,ok,
305122057,random_binary_leaf_splitting,512,30,0.1,0.8,31,50000,22238720,0.4663790580002569,48369,0.96738,VanillaGreedy,0.4598,0.03529411764705881,0.0,1.5996257809997587,1.0650768049999897,ok,
305122057,random_binary_leaf_splitting,512,30,0.1,0.8,31,50000,22238720,0.4663790580002569,48369,0.96738,UPGMA,0.5622,0.09019607843137256,0.0,1.5412006660003499,0.9279149760000109,ok,
305122057,random_binary_leaf_splitting,512,30,0.1,0.8,31,50000,22238720,0.4663790580002569,48369,0.96738,NeighborJoining,0.4606,0.06862745098039214,0.0,1.5481192649999684,0.9134692600000562,ok,
305122058,random_binary_leaf_splitting,512,30,0.1,0.8,32,50000,22238720,0.3699935979998372,48246,0.96492,SampledRecursiveTMC_SMJ32,0.4656,0.0,1.8665049659998658,74.41946692300007,0.9128050520002944,ok,
305122058,random_binary_leaf_splitting,512,30,0.1,0.8,32,50000,22238720,0.3699935979998372,48246,0.96492,VanillaGreedy,0.4836,0.03529411764705881,0.0,1.5684119359998476,0.7484334840000884,ok,
305122058,random_binary_leaf_splitting,512,30,0.1,0.8,32,50000,22238720,0.3699935979998372,48246,0.96492,UPGMA,0.4226,0.07450980392156858,0.0,1.5599792870002602,0.9200907989998086,ok,
305122058,random_binary_leaf_splitting,512,30,0.1,0.8,32,50000,22238720,0.3699935979998372,48246,0.96492,NeighborJoining,0.364,0.07647058823529407,0.0,1.7351082660002248,1.0315974720001577,ok,
305122059,random_binary_leaf_splitting,512,30,0.1,0.8,33,50000,22238720,0.3320312229998308,48331,0.96662,SampledRecursiveTMC_SMJ32,0.5324,0.0,2.291948949000016,79.01549374200022,0.6921990430000733,ok,
305122059,random_binary_leaf_splitting,512,30,0.1,0.8,33,50000,22238720,0.3320312229998308,48331,0.96662,VanillaGreedy,0.679,0.045098039215686225,0.0,1.677547787000094,1.0363726249997853,ok,
305122059,random_binary_leaf_splitting,512,30,0.1,0.8,33,50000,22238720,0.3320312229998308,48331,0.96662,UPGMA,0.7114,0.0490196078431373,0.0,1.5807312659999297,0.8408381710000867,ok,
305122059,random_binary_leaf_splitting,512,30,0.1,0.8,33,50000,22238720,0.3320312229998308,48331,0.96662,NeighborJoining,0.5522,0.05490196078431375,0.0,1.4011680409998917,0.9404223439996713,ok,
305122060,random_binary_leaf_splitting,512,30,0.1,0.8,34,50000,22238720,0.304893231999813,48350,0.967,SampledRecursiveTMC_SMJ32,0.4644,0.0,2.0240620009999475,91.97761269400007,0.877055960999769,ok,
305122060,random_binary_leaf_splitting,512,30,0.1,0.8,34,50000,22238720,0.304893231999813,48350,0.967,VanillaGreedy,0.5574,0.02352941176470591,0.0,1.3007490469999539,0.9224104649997571,ok,
305122060,random_binary_leaf_splitting,512,30,0.1,0.8,34,50000,22238720,0.304893231999813,48350,0.967,UPGMA,0.4926,0.02941176470588236,0.0,1.5223968889999924,0.9620880530001159,ok,
305122060,random_binary_leaf_splitting,512,30,0.1,0.8,34,50000,22238720,0.304893231999813,48350,0.967,NeighborJoining,0.3364,0.03529411764705881,0.0,1.6949660119998953,1.0126050700000633,ok,
305122061,random_binary_leaf_splitting,512,30,0.1,0.8,35,50000,22238720,0.3360047750002195,48506,0.97012,SampledRecursiveTMC_SMJ32,0.525,0.0,1.9307057959999838,79.53861779499994,0.8621107720000509,ok,
305122061,random_binary_leaf_splitting,512,30,0.1,0.8,35,50000,22238720,0.3360047750002195,48506,0.97012,VanillaGreedy,0.6932,0.021568627450980427,0.0,1.3324576130003152,0.9052502280001136,ok,
305122061,random_binary_leaf_splitting,512,30,0.1,0.8,35,50000,22238720,0.3360047750002195,48506,0.97012,UPGMA,0.5232,0.04705882352941182,0.0,1.7883137769999848,1.1950080820001858,ok,
305122061,random_binary_leaf_splitting,512,30,0.1,0.8,35,50000,22238720,0.3360047750002195,48506,0.97012,NeighborJoining,0.5056,0.05294117647058827,0.0,1.9611686170001121,1.191370248000112,ok,
305122062,random_binary_leaf_splitting,512,30,0.1,0.8,36,50000,22238720,0.29691277199981414,48355,0.9671,SampledRecursiveTMC_SMJ32,0.4494,0.0,2.432409474999986,83.27829293299965,1.0324843369999144,ok,
305122062,random_binary_leaf_splitting,512,30,0.1,0.8,36,50000,22238720,0.29691277199981414,48355,0.9671,VanillaGreedy,0.4986,0.01764705882352946,0.0,1.2623723310002788,0.9268013310002061,ok,
305122062,random_binary_leaf_splitting,512,30,0.1,0.8,36,50000,22238720,0.29691277199981414,48355,0.9671,UPGMA,0.4652,0.039215686274509776,0.0,1.6070299590001014,1.011990292000064,ok,
305122062,random_binary_leaf_splitting,512,30,0.1,0.8,36,50000,22238720,0.29691277199981414,48355,0.9671,NeighborJoining,0.3922,0.050980392156862786,0.0,1.6097492240000975,0.9590708229998199,ok,
305122063,random_binary_leaf_splitting,512,30,0.1,0.8,37,50000,22238720,0.3052569139999832,48220,0.9644,SampledRecursiveTMC_SMJ32,0.41,0.0,2.4360183210001196,80.88360331700005,1.329074889000367,ok,
305122063,random_binary_leaf_splitting,512,30,0.1,0.8,37,50000,22238720,0.3052569139999832,48220,0.9644,VanillaGreedy,0.544,0.013752455795677854,0.0,1.5277116100000967,0.8681913549999081,ok,
305122063,random_binary_leaf_splitting,512,30,0.1,0.8,37,50000,22238720,0.3052569139999832,48220,0.9644,UPGMA,0.4878,0.04705882352941182,0.0,1.338494282999818,0.9183696029999737,ok,
305122063,random_binary_leaf_splitting,512,30,0.1,0.8,37,50000,22238720,0.3052569139999832,48220,0.9644,NeighborJoining,0.406,0.0490196078431373,0.0,1.5490627789999962,0.9600195919997532,ok,
305122064,random_binary_leaf_splitting,512,30,0.1,0.8,38,50000,22238720,0.3289980760000617,48320,0.9664,SampledRecursiveTMC_SMJ32,0.4958,0.0,1.875311541999963,69.10091335400011,0.5814450989996658,ok,
305122064,random_binary_leaf_splitting,512,30,0.1,0.8,38,50000,22238720,0.3289980760000617,48320,0.9664,VanillaGreedy,0.653,0.02352941176470591,0.0,0.8295855050000682,0.73083023900017,ok,
305122064,random_binary_leaf_splitting,512,30,0.1,0.8,38,50000,22238720,0.3289980760000617,48320,0.9664,UPGMA,0.5622,0.03529411764705881,0.0,1.9073107499998514,0.8839542649998293,ok,
305122064,random_binary_leaf_splitting,512,30,0.1,0.8,38,50000,22238720,0.3289980760000617,48320,0.9664,NeighborJoining,0.5274,0.03137254901960784,0.0,1.57538776399997,0.8545301700000891,ok,
305122065,random_binary_leaf_splitting,512,30,0.1,0.8,39,50000,22238720,0.20681061899995257,48507,0.97014,SampledRecursiveTMC_SMJ32,0.5728,0.0,1.7388609189997624,61.74908953400018,0.5918601469998066,ok,
305122065,random_binary_leaf_splitting,512,30,0.1,0.8,39,50000,22238720,0.20681061899995257,48507,0.97014,VanillaGreedy,0.6592,0.019607843137254943,0.0,0.891271880000204,0.633524196000053,ok,
305122065,random_binary_leaf_splitting,512,30,0.1,0.8,39,50000,22238720,0.20681061899995257,48507,0.97014,UPGMA,0.6326,0.0490196078431373,0.0,1.2371953860001668,0.6622740130001148,ok,
305122065,random_binary_leaf_splitting,512,30,0.1,0.8,39,50000,22238720,0.20681061899995257,48507,0.97014,NeighborJoining,0.3786,0.050980392156862786,0.0,1.074107844000082,0.8201272029996289,ok,
305122066,random_binary_leaf_splitting,512,30,0.1,0.8,40,50000,22238720,0.1946075200003179,48219,0.96438,SampledRecursiveTMC_SMJ32,0.431,0.0,1.4186194070002784,61.040124741,0.6401330580001741,ok,
305122066,random_binary_leaf_splitting,512,30,0.1,0.8,40,50000,22238720,0.1946075200003179,48219,0.96438,VanillaGreedy,0.5164,0.029469548133595258,0.0,1.075472075000107,0.5742674130001433,ok,
305122066,random_binary_leaf_splitting,512,30,0.1,0.8,40,50000,22238720,0.1946075200003179,48219,0.96438,UPGMA,0.5152,0.05490196078431375,0.0,1.0299594749999414,0.6457046209998225,ok,
305122066,random_binary_leaf_splitting,512,30,0.1,0.8,40,50000,22238720,0.1946075200003179,48219,0.96438,NeighborJoining,0.4528,0.04705882352941182,0.0,1.089701339000385,0.637307637000049,ok,
305122067,random_binary_leaf_splitting,512,30,0.1,0.8,41,50000,22238720,0.2094269830004123,48272,0.96544,SampledRecursiveTMC_SMJ32,0.5474,0.0,1.4968178250001074,61.96708633299977,0.5920064980000461,ok,
305122067,random_binary_leaf_splitting,512,30,0.1,0.8,41,50000,22238720,0.2094269830004123,48272,0.96544,VanillaGreedy,0.596,0.00588235294117645,0.0,0.8210152229999039,0.6483864050001102,ok,
305122067,random_binary_leaf_splitting,512,30,0.1,0.8,41,50000,22238720,0.2094269830004123,48272,0.96544,UPGMA,0.5672,0.027450980392156876,0.0,1.294827522000105,0.8120803770002567,ok,
305122067,random_binary_leaf_splitting,512,30,0.1,0.8,41,50000,22238720,0.2094269830004123,48272,0.96544,NeighborJoining,0.5284,0.027450980392156876,0.0,1.470524229000148,0.6295330580001064,ok,
305122068,random_binary_leaf_splitting,512,30,0.1,0.8,42,50000,22238720,0.20716267899979357,48375,0.9675,SampledRecursiveTMC_SMJ32,0.7494,0.0,1.5890039010000692,67.5033220790001,0.702542139000343,ok,
305122068,random_binary_leaf_splitting,512,30,0.1,0.8,42,50000,22238720,0.20716267899979357,48375,0.9675,VanillaGreedy,0.5942,0.0117647058823529,0.0,1.3455061009999554,0.5671561270000893,ok,
305122068,random_binary_leaf_splitting,512,30,0.1,0.8,42,50000,22238720,0.20716267899979357,48375,0.9675,UPGMA,0.7716,0.0490196078431373,0.0,1.1616697950003072,0.6388535950000005,ok,
305122068,random_binary_leaf_splitting,512,30,0.1,0.8,42,50000,22238720,0.20716267899979357,48375,0.9675,NeighborJoining,0.5742,0.04117647058823526,0.0,1.2077167960001134,0.7778579350001564,ok,
305122069,random_binary_leaf_splitting,512,30,0.1,0.8,43,50000,22238720,0.21248244300022634,48372,0.96744,SampledRecursiveTMC_SMJ32,0.6098,0.0,1.5884917190001033,61.88546982800017,0.6856375620000108,ok,
305122069,random_binary_leaf_splitting,512,30,0.1,0.8,43,50000,22238720,0.21248244300022634,48372,0.96744,VanillaGreedy,0.4952,0.03725490196078429,0.0,0.96815972100012,0.7041730330001883,ok,
305122069,random_binary_leaf_splitting,512,30,0.1,0.8,43,50000,22238720,0.21248244300022634,48372,0.96744,UPGMA,0.5674,0.0490196078431373,0.0,1.2438835740003924,0.8050030300000799,ok,
305122069,random_binary_leaf_splitting,512,30,0.1,0.8,43,50000,22238720,0.21248244300022634,48372,0.96744,NeighborJoining,0.4158,0.05490196078431375,0.0,1.108866358999876,0.7468535620000694,ok,
305122070,random_binary_leaf_splitting,512,30,0.1,0.8,44,50000,22238720,0.2037742740003523,48312,0.96624,SampledRecursiveTMC_SMJ32,0.5626,0.0,1.5387293699996007,64.95868322699971,0.7093298629997662,ok,
305122070,random_binary_leaf_splitting,512,30,0.1,0.8,44,50000,22238720,0.2037742740003523,48312,0.96624,VanillaGreedy,0.5996,0.015686274509803977,0.0,1.1702835710002546,0.776752708999993,ok,
305122070,random_binary_leaf_splitting,512,30,0.1,0.8,44,50000,22238720,0.2037742740003523,48312,0.96624,UPGMA,0.5032,0.05294117647058827,0.0,1.2296923079993576,0.8081576280001173,ok,
305122070,random_binary_leaf_splitting,512,30,0.1,0.8,44,50000,22238720,0.2037742740003523,48312,0.96624,NeighborJoining,0.5134,0.0490196078431373,0.0,1.408676201000162,0.761659249999866,ok,
305122071,random_binary_leaf_splitting,512,30,0.1,0.8,45,50000,22238720,0.21154597900022054,48325,0.9665,SampledRecursiveTMC_SMJ32,0.519,0.0,1.3779429599999276,66.65283510900008,0.596582352999576,ok,
305122071,random_binary_leaf_splitting,512,30,0.1,0.8,45,50000,22238720,0.21154597900022054,48325,0.9665,VanillaGreedy,0.536,0.0490196078431373,0.0,0.8234547960000782,1.0106374819997654,ok,
305122071,random_binary_leaf_splitting,512,30,0.1,0.8,45,50000,22238720,0.21154597900022054,48325,0.9665,UPGMA,0.558,0.050980392156862786,0.0,1.2056265629998961,0.6067019570000411,ok,
305122071,random_binary_leaf_splitting,512,30,0.1,0.8,45,50000,22238720,0.21154597900022054,48325,0.9665,NeighborJoining,0.4052,0.0607843137254902,0.0,1.161079050999433,0.6272775639999963,ok,
305122072,random_binary_leaf_splitting,512,30,0.1,0.8,46,50000,22238720,0.24367862199960655,48395,0.9679,SampledRecursiveTMC_SMJ32,0.6124,0.0,1.9461529290001636,66.98297026299952,0.7566894069996124,ok,
305122072,random_binary_leaf_splitting,512,30,0.1,0.8,46,50000,22238720,0.24367862199960655,48395,0.9679,VanillaGreedy,0.7334,0.00588235294117645,0.0,1.3903904310000144,0.6730060310001136,ok,
305122072,random_binary_leaf_splitting,512,30,0.1,0.8,46,50000,22238720,0.24367862199960655,48395,0.9679,UPGMA,0.6228,0.021568627450980427,0.0,1.137771743000485,0.8349680730007094,ok,
305122072,random_binary_leaf_splitting,512,30,0.1,0.8,46,50000,22238720,0.24367862199960655,48395,0.9679,NeighborJoining,0.4826,0.01764705882352946,0.0,1.2549833290004244,0.7556935230004456,ok,
305122073,random_binary_leaf_splitting,512,30,0.1,0.8,47,50000,22238720,0.2147576339993975,48486,0.96972,SampledRecursiveTMC_SMJ32,0.8344,0.0,1.5002000009999392,59.76795234000019,0.9156330209998487,ok,
305122073,random_binary_leaf_splitting,512,30,0.1,0.8,47,50000,22238720,0.2147576339993975,48486,0.96972,VanillaGreedy,0.669,0.03725490196078429,0.0,0.8804459040002257,0.6803942750002534,ok,
305122073,random_binary_leaf_splitting,512,30,0.1,0.8,47,50000,22238720,0.2147576339993975,48486,0.96972,UPGMA,0.7582,0.08039215686274515,0.0,1.1413344129996403,0.6709659460002513,ok,
305122073,random_binary_leaf_splitting,512,30,0.1,0.8,47,50000,22238720,0.2147576339993975,48486,0.96972,NeighborJoining,0.6832,0.08235294117647063,0.0,1.1395396149991939,0.7204192769995643,ok,
305122074,random_binary_leaf_splitting,512,30,0.1,0.8,48,50000,22238720,0.23428525600047578,48267,0.96534,SampledRecursiveTMC_SMJ32,0.578,0.0,1.5515048080005727,64.7851682569999,0.7563371289998031,ok,
305122074,random_binary_leaf_splitting,512,30,0.1,0.8,48,50000,22238720,0.23428525600047578,48267,0.96534,VanillaGreedy,0.6244,0.025490196078431393,0.0,1.0757686620008826,0.8969913909995739,ok,
305122074,random_binary_leaf_splitting,512,30,0.1,0.8,48,50000,22238720,0.23428525600047578,48267,0.96534,UPGMA,0.5254,0.027450980392156876,0.0,1.2865512039998066,0.8345283970002129,ok,
305122074,random_binary_leaf_splitting,512,30,0.1,0.8,48,50000,22238720,0.23428525600047578,48267,0.96534,NeighborJoining,0.4516,0.04117647058823526,0.0,1.5699058439995497,0.7380367249998017,ok,
305122075,random_binary_leaf_splitting,512,30,0.1,0.8,49,50000,22238720,0.19039095700009057,48285,0.9657,SampledRecursiveTMC_SMJ32,0.4766,0.0,1.4278452429998651,64.53787668800032,0.5275307399997473,ok,
305122075,random_binary_leaf_splitting,512,30,0.1,0.8,49,50000,22238720,0.19039095700009057,48285,0.9657,VanillaGreedy,0.5818,0.045098039215686225,0.0,0.8927115819997198,0.5814722409995738,ok,
305122075,random_binary_leaf_splitting,512,30,0.1,0.8,49,50000,22238720,0.19039095700009057,48285,0.9657,UPGMA,0.6258,0.06666666666666665,0.0,1.2853736110000682,0.7174292230001811,ok,
305122075,random_binary_leaf_splitting,512,30,0.1,0.8,49,50000,22238720,0.19039095700009057,48285,0.9657,NeighborJoining,0.4988,0.06470588235294117,0.0,1.5603593509995335,0.658195558999978,ok,
