seed,topology_model,n_cells,n_sites,edit_states,dominant_state_prob,missing_rate,mutation_rate,repeat,triplet_samples_requested,sampled_triplets_inferred,possible_triplets,sampled_triplet_coverage,min_signal_gap,simulation_seconds,algorithm,triplet_accuracy,rf_similarity,triplet_inference_seconds,solve_seconds,status,error
805122026,balanced_random_40_60_splits,512,30,10,0.0,0.0,0.8,0,50000,44577,22238720,0.89154,0.03,0.2206884639999771,ConfidentWeightedTMC_SMJ32,0.9918,0.3731193580742227,2.0168447199999946,61.41828972400003,ok,nan
805122026,balanced_random_40_60_splits,512,30,10,0.0,0.0,0.8,0,50000,44577,22238720,0.89154,0.03,0.2206884639999771,VanillaGreedy,0.8622,0.6568627450980392,0.0,0.7941956290000007,ok,nan
805122026,balanced_random_40_60_splits,512,30,10,0.0,0.0,0.8,0,50000,44577,22238720,0.89154,0.03,0.2206884639999771,UPGMA,0.9946,0.7,0.0,3.5441241660000173,ok,nan
805122026,balanced_random_40_60_splits,512,30,10,0.0,0.0,0.8,0,50000,44577,22238720,0.89154,0.03,0.2206884639999771,NeighborJoining,0.9534,0.8235294117647058,0.0,5.048567241000001,ok,nan
805122027,balanced_random_40_60_splits,512,30,10,0.0,0.0,0.8,1,50000,44282,22238720,0.88564,0.03,0.2725218620000191,ConfidentWeightedTMC_SMJ32,0.9894,0.3554216867469879,2.0422279210000056,58.71991300800005,ok,nan
805122027,balanced_random_40_60_splits,512,30,10,0.0,0.0,0.8,1,50000,44282,22238720,0.88564,0.03,0.2725218620000191,VanillaGreedy,0.937,0.6607843137254902,0.0,0.7947346180000068,ok,nan
805122027,balanced_random_40_60_splits,512,30,10,0.0,0.0,0.8,1,50000,44282,22238720,0.88564,0.03,0.2725218620000191,UPGMA,0.7972,0.7274509803921569,0.0,1.244644446000052,ok,nan
805122027,balanced_random_40_60_splits,512,30,10,0.0,0.0,0.8,1,50000,44282,22238720,0.88564,0.03,0.2725218620000191,NeighborJoining,0.8382,0.8411764705882353,0.0,1.3359911159999456,ok,nan
805122028,balanced_random_40_60_splits,512,30,10,0.0,0.0,0.8,2,50000,44831,22238720,0.89662,0.03,0.1900145009999505,ConfidentWeightedTMC_SMJ32,0.9834,0.3895582329317268,1.694745070999943,61.36886814299999,ok,nan
805122028,balanced_random_40_60_splits,512,30,10,0.0,0.0,0.8,2,50000,44831,22238720,0.89662,0.03,0.1900145009999505,VanillaGreedy,0.9248,0.6280667320902846,0.0,1.252712545999998,ok,nan
805122028,balanced_random_40_60_splits,512,30,10,0.0,0.0,0.8,2,50000,44831,22238720,0.89662,0.03,0.1900145009999505,UPGMA,0.8554,0.7372549019607844,0.0,1.3386824090000573,ok,nan
805122028,balanced_random_40_60_splits,512,30,10,0.0,0.0,0.8,2,50000,44831,22238720,0.89662,0.03,0.1900145009999505,NeighborJoining,0.8172,0.8529411764705882,0.0,1.4013897610000186,ok,nan
805122029,balanced_random_40_60_splits,512,30,10,0.0,0.0,0.8,3,50000,45383,22238720,0.90766,0.03,0.2431148709999888,ConfidentWeightedTMC_SMJ32,0.9946,0.4529058116232465,1.9298229260000423,61.81190467800002,ok,nan
805122029,balanced_random_40_60_splits,512,30,10,0.0,0.0,0.8,3,50000,45383,22238720,0.90766,0.03,0.2431148709999888,VanillaGreedy,0.9536,0.611764705882353,0.0,1.0453588450000098,ok,nan
805122029,balanced_random_40_60_splits,512,30,10,0.0,0.0,0.8,3,50000,45383,22238720,0.90766,0.03,0.2431148709999888,UPGMA,0.9994,0.7019607843137254,0.0,1.67701582899997,ok,nan
805122029,balanced_random_40_60_splits,512,30,10,0.0,0.0,0.8,3,50000,45383,22238720,0.90766,0.03,0.2431148709999888,NeighborJoining,0.9434,0.8058823529411765,0.0,1.6889318790000516,ok,nan
805122030,balanced_random_40_60_splits,512,30,10,0.0,0.0,0.8,4,50000,45518,22238720,0.91036,0.03,0.2020877769999742,ConfidentWeightedTMC_SMJ32,0.9932,0.4321608040201005,2.100354806999917,61.929394699,ok,nan
805122030,balanced_random_40_60_splits,512,30,10,0.0,0.0,0.8,4,50000,45518,22238720,0.91036,0.03,0.2020877769999742,VanillaGreedy,0.9594,0.7262021589793916,0.0,0.854449819000024,ok,nan
805122030,balanced_random_40_60_splits,512,30,10,0.0,0.0,0.8,4,50000,45518,22238720,0.91036,0.03,0.2020877769999742,UPGMA,0.9974,0.7588235294117647,0.0,1.369790949999924,ok,nan
805122030,balanced_random_40_60_splits,512,30,10,0.0,0.0,0.8,4,50000,45518,22238720,0.91036,0.03,0.2020877769999742,NeighborJoining,0.9956,0.8470588235294118,0.0,1.6230200669999704,ok,nan
805122031,balanced_random_40_60_splits,512,30,10,0.0,0.0,0.8,5,50000,46265,22238720,0.9253,0.03,0.4343897229999811,ConfidentWeightedTMC_SMJ32,0.9898,0.4148296593186372,2.043198879999977,59.05803857600006,ok,nan
805122031,balanced_random_40_60_splits,512,30,10,0.0,0.0,0.8,5,50000,46265,22238720,0.9253,0.03,0.4343897229999811,VanillaGreedy,0.9562,0.5941176470588235,0.0,0.8859071020000329,ok,nan
805122031,balanced_random_40_60_splits,512,30,10,0.0,0.0,0.8,5,50000,46265,22238720,0.9253,0.03,0.4343897229999811,UPGMA,0.9938,0.6352941176470588,0.0,1.2654440029999705,ok,nan
805122031,balanced_random_40_60_splits,512,30,10,0.0,0.0,0.8,5,50000,46265,22238720,0.9253,0.03,0.4343897229999811,NeighborJoining,0.9996,0.7843137254901961,0.0,1.5743392719999747,ok,nan
805122032,balanced_random_40_60_splits,512,30,10,0.0,0.0,0.8,6,50000,45887,22238720,0.91774,0.03,0.1952096090000168,ConfidentWeightedTMC_SMJ32,0.9976,0.4578313253012048,1.8572319979999747,65.070072955,ok,nan
805122032,balanced_random_40_60_splits,512,30,10,0.0,0.0,0.8,6,50000,45887,22238720,0.91774,0.03,0.1952096090000168,VanillaGreedy,0.8542,0.603921568627451,0.0,0.8413026299999729,ok,nan
805122032,balanced_random_40_60_splits,512,30,10,0.0,0.0,0.8,6,50000,45887,22238720,0.91774,0.03,0.1952096090000168,UPGMA,0.9826,0.7,0.0,1.5493431279999186,ok,nan
805122032,balanced_random_40_60_splits,512,30,10,0.0,0.0,0.8,6,50000,45887,22238720,0.91774,0.03,0.1952096090000168,NeighborJoining,0.9558,0.7803921568627451,0.0,2.722945654999989,ok,nan
805122033,balanced_random_40_60_splits,512,30,10,0.0,0.0,0.8,7,50000,45699,22238720,0.91398,0.03,0.2624451199999384,ConfidentWeightedTMC_SMJ32,0.9948,0.4312938816449347,2.3675584270000627,82.66294076200006,ok,nan
805122033,balanced_random_40_60_splits,512,30,10,0.0,0.0,0.8,7,50000,45699,22238720,0.91398,0.03,0.2624451199999384,VanillaGreedy,0.9744,0.592737978410206,0.0,0.7629603809999708,ok,nan
805122033,balanced_random_40_60_splits,512,30,10,0.0,0.0,0.8,7,50000,45699,22238720,0.91398,0.03,0.2624451199999384,UPGMA,0.9962,0.6607843137254902,0.0,1.4358982500000366,ok,nan
805122033,balanced_random_40_60_splits,512,30,10,0.0,0.0,0.8,7,50000,45699,22238720,0.91398,0.03,0.2624451199999384,NeighborJoining,0.9974,0.7960784313725491,0.0,1.6287514040000133,ok,nan
805122034,balanced_random_40_60_splits,512,30,10,0.0,0.0,0.8,8,50000,46414,22238720,0.92828,0.03,0.2786699150000231,ConfidentWeightedTMC_SMJ32,0.9954,0.4749498997995992,2.380424725000012,63.41830903799996,ok,nan
805122034,balanced_random_40_60_splits,512,30,10,0.0,0.0,0.8,8,50000,46414,22238720,0.92828,0.03,0.2786699150000231,VanillaGreedy,0.952,0.6568627450980392,0.0,0.906108108000126,ok,nan
805122034,balanced_random_40_60_splits,512,30,10,0.0,0.0,0.8,8,50000,46414,22238720,0.92828,0.03,0.2786699150000231,UPGMA,0.9954,0.6862745098039216,0.0,1.5974265539998669,ok,nan
805122034,balanced_random_40_60_splits,512,30,10,0.0,0.0,0.8,8,50000,46414,22238720,0.92828,0.03,0.2786699150000231,NeighborJoining,0.8046,0.7784313725490196,0.0,1.858771202999833,ok,nan
805122035,balanced_random_40_60_splits,512,30,10,0.0,0.0,0.8,9,50000,46312,22238720,0.92624,0.03,0.2994050209999841,ConfidentWeightedTMC_SMJ32,0.9878,0.3791374122367101,2.558069221999858,71.310616665,ok,nan
805122035,balanced_random_40_60_splits,512,30,10,0.0,0.0,0.8,9,50000,46312,22238720,0.92624,0.03,0.2994050209999841,VanillaGreedy,0.9692,0.6137254901960785,0.0,0.8585383130000537,ok,nan
805122035,balanced_random_40_60_splits,512,30,10,0.0,0.0,0.8,9,50000,46312,22238720,0.92624,0.03,0.2994050209999841,UPGMA,0.987,0.692156862745098,0.0,1.1539952630000698,ok,nan
805122035,balanced_random_40_60_splits,512,30,10,0.0,0.0,0.8,9,50000,46312,22238720,0.92624,0.03,0.2994050209999841,NeighborJoining,0.996,0.8294117647058823,0.0,1.7019251890001217,ok,nan
805122036,balanced_random_40_60_splits,512,30,10,0.0,0.0,0.8,10,50000,46287,22238720,0.92574,0.03,0.1900576210000508,ConfidentWeightedTMC_SMJ32,0.9892,0.3851554663991976,1.8500284270000973,78.485210564,ok,nan
805122036,balanced_random_40_60_splits,512,30,10,0.0,0.0,0.8,10,50000,46287,22238720,0.92574,0.03,0.1900576210000508,VanillaGreedy,0.9504,0.6647058823529413,0.0,0.7782977609999762,ok,nan
805122036,balanced_random_40_60_splits,512,30,10,0.0,0.0,0.8,10,50000,46287,22238720,0.92574,0.03,0.1900576210000508,UPGMA,0.995,0.6666666666666667,0.0,1.3847308029999112,ok,nan
805122036,balanced_random_40_60_splits,512,30,10,0.0,0.0,0.8,10,50000,46287,22238720,0.92574,0.03,0.1900576210000508,NeighborJoining,0.9956,0.8098039215686275,0.0,1.4311099340000055,ok,nan
805122037,balanced_random_40_60_splits,512,30,10,0.0,0.0,0.8,11,50000,47574,22238720,0.95148,0.03,0.2138078839998343,ConfidentWeightedTMC_SMJ32,0.9586,0.3015075376884422,2.337676219000059,66.782568116,ok,nan
805122037,balanced_random_40_60_splits,512,30,10,0.0,0.0,0.8,11,50000,47574,22238720,0.95148,0.03,0.2138078839998343,VanillaGreedy,0.9172,0.6274509803921569,0.0,1.0981918600000429,ok,nan
805122037,balanced_random_40_60_splits,512,30,10,0.0,0.0,0.8,11,50000,47574,22238720,0.95148,0.03,0.2138078839998343,UPGMA,0.9732,0.6862745098039216,0.0,1.688291315000015,ok,nan
805122037,balanced_random_40_60_splits,512,30,10,0.0,0.0,0.8,11,50000,47574,22238720,0.95148,0.03,0.2138078839998343,NeighborJoining,0.9668,0.7764705882352941,0.0,1.377524809000079,ok,nan
805122038,balanced_random_40_60_splits,512,30,10,0.0,0.0,0.8,12,50000,46368,22238720,0.92736,0.03,0.2205783110000538,ConfidentWeightedTMC_SMJ32,0.9912,0.3547094188376753,1.872970032000012,57.93292784000005,ok,nan
805122038,balanced_random_40_60_splits,512,30,10,0.0,0.0,0.8,12,50000,46368,22238720,0.92736,0.03,0.2205783110000538,VanillaGreedy,0.9094,0.6568627450980392,0.0,0.7635295259999566,ok,nan
805122038,balanced_random_40_60_splits,512,30,10,0.0,0.0,0.8,12,50000,46368,22238720,0.92736,0.03,0.2205783110000538,UPGMA,0.9984,0.6549019607843137,0.0,1.2837144949999129,ok,nan
805122038,balanced_random_40_60_splits,512,30,10,0.0,0.0,0.8,12,50000,46368,22238720,0.92736,0.03,0.2205783110000538,NeighborJoining,0.975,0.7803921568627451,0.0,1.438899665000008,ok,nan
805122039,balanced_random_40_60_splits,512,30,10,0.0,0.0,0.8,13,50000,44855,22238720,0.8971,0.03,0.1979697639999358,ConfidentWeightedTMC_SMJ32,0.9734,0.4364364364364365,1.8381166609999584,56.05020708800021,ok,nan
805122039,balanced_random_40_60_splits,512,30,10,0.0,0.0,0.8,13,50000,44855,22238720,0.8971,0.03,0.1979697639999358,VanillaGreedy,0.9494,0.6372549019607843,0.0,0.5895706119999886,ok,nan
805122039,balanced_random_40_60_splits,512,30,10,0.0,0.0,0.8,13,50000,44855,22238720,0.8971,0.03,0.1979697639999358,UPGMA,0.9688,0.6725490196078432,0.0,1.055008669000017,ok,nan
805122039,balanced_random_40_60_splits,512,30,10,0.0,0.0,0.8,13,50000,44855,22238720,0.8971,0.03,0.1979697639999358,NeighborJoining,0.9788,0.8098039215686275,0.0,1.210685847999912,ok,nan
805122040,balanced_random_40_60_splits,512,30,10,0.0,0.0,0.8,14,50000,45810,22238720,0.9162,0.03,0.1742652970001472,ConfidentWeightedTMC_SMJ32,0.9872,0.3714859437751003,1.80795185199986,57.778540680000106,ok,nan
805122040,balanced_random_40_60_splits,512,30,10,0.0,0.0,0.8,14,50000,45810,22238720,0.9162,0.03,0.1742652970001472,VanillaGreedy,0.7722,0.6555446516192345,0.0,0.6765904149999642,ok,nan
805122040,balanced_random_40_60_splits,512,30,10,0.0,0.0,0.8,14,50000,45810,22238720,0.9162,0.03,0.1742652970001472,UPGMA,0.9924,0.6235294117647059,0.0,1.2484109579997948,ok,nan
805122040,balanced_random_40_60_splits,512,30,10,0.0,0.0,0.8,14,50000,45810,22238720,0.9162,0.03,0.1742652970001472,NeighborJoining,0.998,0.7862745098039216,0.0,1.1068461050001588,ok,nan
805122041,balanced_random_40_60_splits,512,30,10,0.0,0.0,0.8,15,50000,46319,22238720,0.92638,0.03,0.1567522500001814,ConfidentWeightedTMC_SMJ32,0.997,0.498997995991984,1.4629412280000906,47.606620196999984,ok,nan
805122041,balanced_random_40_60_splits,512,30,10,0.0,0.0,0.8,15,50000,46319,22238720,0.92638,0.03,0.1567522500001814,VanillaGreedy,0.9102,0.696078431372549,0.0,0.8180093739999847,ok,nan
805122041,balanced_random_40_60_splits,512,30,10,0.0,0.0,0.8,15,50000,46319,22238720,0.92638,0.03,0.1567522500001814,UPGMA,0.9966,0.7901960784313725,0.0,1.0888758529999905,ok,nan
805122041,balanced_random_40_60_splits,512,30,10,0.0,0.0,0.8,15,50000,46319,22238720,0.92638,0.03,0.1567522500001814,NeighborJoining,0.994,0.8549019607843137,0.0,1.2811371909999707,ok,nan
805122042,balanced_random_40_60_splits,512,30,10,0.0,0.0,0.8,16,50000,46198,22238720,0.92396,0.03,0.1614358700001048,ConfidentWeightedTMC_SMJ32,0.994,0.3967935871743486,1.9000510850000865,55.762041533,ok,nan
805122042,balanced_random_40_60_splits,512,30,10,0.0,0.0,0.8,16,50000,46198,22238720,0.92396,0.03,0.1614358700001048,VanillaGreedy,0.8612,0.5666666666666667,0.0,1.175383844999942,ok,nan
805122042,balanced_random_40_60_splits,512,30,10,0.0,0.0,0.8,16,50000,46198,22238720,0.92396,0.03,0.1614358700001048,UPGMA,0.9976,0.6627450980392157,0.0,1.6140066719999595,ok,nan
805122042,balanced_random_40_60_splits,512,30,10,0.0,0.0,0.8,16,50000,46198,22238720,0.92396,0.03,0.1614358700001048,NeighborJoining,0.9986,0.7490196078431373,0.0,1.72332120499982,ok,nan
805122043,balanced_random_40_60_splits,512,30,10,0.0,0.0,0.8,17,50000,44326,22238720,0.88652,0.03,0.2873149929998817,ConfidentWeightedTMC_SMJ32,0.9936,0.4272818455366098,1.9421319790001237,63.36277874899997,ok,nan
805122043,balanced_random_40_60_splits,512,30,10,0.0,0.0,0.8,17,50000,44326,22238720,0.88652,0.03,0.2873149929998817,VanillaGreedy,0.9246,0.6549019607843137,0.0,0.969206665999991,ok,nan
805122043,balanced_random_40_60_splits,512,30,10,0.0,0.0,0.8,17,50000,44326,22238720,0.88652,0.03,0.2873149929998817,UPGMA,0.9982,0.7274509803921569,0.0,1.7388964060000944,ok,nan
805122043,balanced_random_40_60_splits,512,30,10,0.0,0.0,0.8,17,50000,44326,22238720,0.88652,0.03,0.2873149929998817,NeighborJoining,0.9694,0.8098039215686275,0.0,1.4380756909999943,ok,nan
805122044,balanced_random_40_60_splits,512,30,10,0.0,0.0,0.8,18,50000,45242,22238720,0.90484,0.03,0.2919607629999063,ConfidentWeightedTMC_SMJ32,0.9936,0.3169508525576729,2.285423714999979,65.48592593000012,ok,nan
805122044,balanced_random_40_60_splits,512,30,10,0.0,0.0,0.8,18,50000,45242,22238720,0.90484,0.03,0.2919607629999063,VanillaGreedy,0.9606,0.6274509803921569,0.0,0.8886947080000027,ok,nan
805122044,balanced_random_40_60_splits,512,30,10,0.0,0.0,0.8,18,50000,45242,22238720,0.90484,0.03,0.2919607629999063,UPGMA,0.996,0.696078431372549,0.0,1.639455395999903,ok,nan
805122044,balanced_random_40_60_splits,512,30,10,0.0,0.0,0.8,18,50000,45242,22238720,0.90484,0.03,0.2919607629999063,NeighborJoining,0.9976,0.8313725490196078,0.0,1.7822264829999312,ok,nan
805122045,balanced_random_40_60_splits,512,30,10,0.0,0.0,0.8,19,50000,45776,22238720,0.91552,0.03,0.2157084360001135,ConfidentWeightedTMC_SMJ32,0.997,0.5,2.191726095999911,70.08307620200003,ok,nan
805122045,balanced_random_40_60_splits,512,30,10,0.0,0.0,0.8,19,50000,45776,22238720,0.91552,0.03,0.2157084360001135,VanillaGreedy,0.9558,0.6431372549019607,0.0,0.837526969999999,ok,nan
805122045,balanced_random_40_60_splits,512,30,10,0.0,0.0,0.8,19,50000,45776,22238720,0.91552,0.03,0.2157084360001135,UPGMA,0.9978,0.692156862745098,0.0,1.5916220849999263,ok,nan
805122045,balanced_random_40_60_splits,512,30,10,0.0,0.0,0.8,19,50000,45776,22238720,0.91552,0.03,0.2157084360001135,NeighborJoining,0.9942,0.7862745098039216,0.0,1.608236777000002,ok,nan
805122046,balanced_random_40_60_splits,512,30,10,0.0,0.0,0.8,20,50000,48163,22238720,0.96326,0.03,0.2664819890001126,ConfidentWeightedTMC_SMJ32,0.9908,0.4168336673346693,2.561926283000048,76.15705636200005,ok,nan
805122046,balanced_random_40_60_splits,512,30,10,0.0,0.0,0.8,20,50000,48163,22238720,0.96326,0.03,0.2664819890001126,VanillaGreedy,0.9264,0.6450980392156862,0.0,1.2692999970001893,ok,nan
805122046,balanced_random_40_60_splits,512,30,10,0.0,0.0,0.8,20,50000,48163,22238720,0.96326,0.03,0.2664819890001126,UPGMA,0.972,0.6823529411764706,0.0,1.5315963400000785,ok,nan
805122046,balanced_random_40_60_splits,512,30,10,0.0,0.0,0.8,20,50000,48163,22238720,0.96326,0.03,0.2664819890001126,NeighborJoining,0.9684,0.7803921568627451,0.0,1.964285646999997,ok,nan
805122047,balanced_random_40_60_splits,512,30,10,0.0,0.0,0.8,21,50000,44990,22238720,0.8998,0.03,0.3329003979999925,ConfidentWeightedTMC_SMJ32,0.9912,0.3787575150300601,2.617492448000121,71.56884282800002,ok,nan
805122047,balanced_random_40_60_splits,512,30,10,0.0,0.0,0.8,21,50000,44990,22238720,0.8998,0.03,0.3329003979999925,VanillaGreedy,0.7582,0.6549019607843137,0.0,1.7502963459999137,ok,nan
805122047,balanced_random_40_60_splits,512,30,10,0.0,0.0,0.8,21,50000,44990,22238720,0.8998,0.03,0.3329003979999925,UPGMA,0.8092,0.6843137254901961,0.0,2.0346507120000297,ok,nan
805122047,balanced_random_40_60_splits,512,30,10,0.0,0.0,0.8,21,50000,44990,22238720,0.8998,0.03,0.3329003979999925,NeighborJoining,0.8004,0.7823529411764706,0.0,2.4039001550002013,ok,nan
805122048,balanced_random_40_60_splits,512,30,10,0.0,0.0,0.8,22,50000,45436,22238720,0.90872,0.03,0.4714684420000594,ConfidentWeightedTMC_SMJ32,0.9924,0.4196787148594377,3.7657916010000463,72.52682606899975,ok,nan
805122048,balanced_random_40_60_splits,512,30,10,0.0,0.0,0.8,22,50000,45436,22238720,0.90872,0.03,0.4714684420000594,VanillaGreedy,0.7998,0.7301275760549558,0.0,0.9374515529998462,ok,nan
805122048,balanced_random_40_60_splits,512,30,10,0.0,0.0,0.8,22,50000,45436,22238720,0.90872,0.03,0.4714684420000594,UPGMA,0.7848,0.7764705882352941,0.0,1.3195264080000015,ok,nan
805122048,balanced_random_40_60_splits,512,30,10,0.0,0.0,0.8,22,50000,45436,22238720,0.90872,0.03,0.4714684420000594,NeighborJoining,0.9934,0.8705882352941177,0.0,1.3993717039998046,ok,nan
805122049,balanced_random_40_60_splits,512,30,10,0.0,0.0,0.8,23,50000,47100,22238720,0.942,0.03,0.234618090999902,ConfidentWeightedTMC_SMJ32,0.9924,0.4408817635270541,2.378911877000064,70.55406785100013,ok,nan
805122049,balanced_random_40_60_splits,512,30,10,0.0,0.0,0.8,23,50000,47100,22238720,0.942,0.03,0.234618090999902,VanillaGreedy,0.7878,0.6261040235525024,0.0,1.2735698119995504,ok,nan
805122049,balanced_random_40_60_splits,512,30,10,0.0,0.0,0.8,23,50000,47100,22238720,0.942,0.03,0.234618090999902,UPGMA,0.9994,0.6764705882352942,0.0,1.7422152369999822,ok,nan
805122049,balanced_random_40_60_splits,512,30,10,0.0,0.0,0.8,23,50000,47100,22238720,0.942,0.03,0.234618090999902,NeighborJoining,0.9994,0.7784313725490196,0.0,1.747747908999827,ok,nan
805122050,balanced_random_40_60_splits,512,30,10,0.0,0.0,0.8,24,50000,43956,22238720,0.87912,0.03,0.2798176969999986,ConfidentWeightedTMC_SMJ32,0.9934,0.3647294589178357,2.379075517000274,68.98576861499987,ok,nan
805122050,balanced_random_40_60_splits,512,30,10,0.0,0.0,0.8,24,50000,43956,22238720,0.87912,0.03,0.2798176969999986,VanillaGreedy,0.8662,0.6196078431372549,0.0,1.0086063009998725,ok,nan
805122050,balanced_random_40_60_splits,512,30,10,0.0,0.0,0.8,24,50000,43956,22238720,0.87912,0.03,0.2798176969999986,UPGMA,0.8172,0.6843137254901961,0.0,1.6161113209996074,ok,nan
805122050,balanced_random_40_60_splits,512,30,10,0.0,0.0,0.8,24,50000,43956,22238720,0.87912,0.03,0.2798176969999986,NeighborJoining,0.9984,0.8058823529411765,0.0,2.4629239890000463,ok,nan
805122051,balanced_random_40_60_splits,512,30,10,0.0,0.0,0.8,25,50000,44297,22238720,0.88594,0.03,0.4147724419999576,ConfidentWeightedTMC_SMJ32,0.9742,0.3734939759036144,3.476554020999629,84.02438857700008,ok,nan
805122051,balanced_random_40_60_splits,512,30,10,0.0,0.0,0.8,25,50000,44297,22238720,0.88594,0.03,0.4147724419999576,VanillaGreedy,0.9476,0.6431372549019607,0.0,0.712401065999984,ok,nan
805122051,balanced_random_40_60_splits,512,30,10,0.0,0.0,0.8,25,50000,44297,22238720,0.88594,0.03,0.4147724419999576,UPGMA,0.7872,0.7352941176470589,0.0,1.595571485000164,ok,nan
805122051,balanced_random_40_60_splits,512,30,10,0.0,0.0,0.8,25,50000,44297,22238720,0.88594,0.03,0.4147724419999576,NeighborJoining,0.7826,0.8117647058823529,0.0,1.4174915220000912,ok,nan
805122052,balanced_random_40_60_splits,512,30,10,0.0,0.0,0.8,26,50000,44731,22238720,0.89462,0.03,0.2120638040000813,ConfidentWeightedTMC_SMJ32,0.909,0.3493975903614458,1.8838406380000376,68.9781652900001,ok,nan
805122052,balanced_random_40_60_splits,512,30,10,0.0,0.0,0.8,26,50000,44731,22238720,0.89462,0.03,0.2120638040000813,VanillaGreedy,0.93,0.6607843137254902,0.0,1.3651241169995956,ok,nan
805122052,balanced_random_40_60_splits,512,30,10,0.0,0.0,0.8,26,50000,44731,22238720,0.89462,0.03,0.2120638040000813,UPGMA,0.9952,0.7078431372549019,0.0,1.382451303999915,ok,nan
805122052,balanced_random_40_60_splits,512,30,10,0.0,0.0,0.8,26,50000,44731,22238720,0.89462,0.03,0.2120638040000813,NeighborJoining,0.7924,0.7901960784313725,0.0,1.519749633000174,ok,nan
805122053,balanced_random_40_60_splits,512,30,10,0.0,0.0,0.8,27,50000,44977,22238720,0.89954,0.03,0.1928466109998226,ConfidentWeightedTMC_SMJ32,0.9838,0.3807615230460922,1.7547253869997803,64.80864801500002,ok,nan
805122053,balanced_random_40_60_splits,512,30,10,0.0,0.0,0.8,27,50000,44977,22238720,0.89954,0.03,0.1928466109998226,VanillaGreedy,0.9482,0.6176470588235294,0.0,0.9741746270001386,ok,nan
805122053,balanced_random_40_60_splits,512,30,10,0.0,0.0,0.8,27,50000,44977,22238720,0.89954,0.03,0.1928466109998226,UPGMA,0.9968,0.6764705882352942,0.0,1.629782342999988,ok,nan
805122053,balanced_random_40_60_splits,512,30,10,0.0,0.0,0.8,27,50000,44977,22238720,0.89954,0.03,0.1928466109998226,NeighborJoining,0.964,0.8176470588235294,0.0,1.7605727760001173,ok,nan
805122054,balanced_random_40_60_splits,512,30,10,0.0,0.0,0.8,28,50000,46049,22238720,0.92098,0.03,0.2613453109997863,ConfidentWeightedTMC_SMJ32,0.9526,0.364,2.168643113000144,58.09501326999998,ok,nan
805122054,balanced_random_40_60_splits,512,30,10,0.0,0.0,0.8,28,50000,46049,22238720,0.92098,0.03,0.2613453109997863,VanillaGreedy,0.8114,0.7,0.0,0.8490332309997939,ok,nan
805122054,balanced_random_40_60_splits,512,30,10,0.0,0.0,0.8,28,50000,46049,22238720,0.92098,0.03,0.2613453109997863,UPGMA,0.9454,0.6882352941176471,0.0,1.265903895000065,ok,nan
805122054,balanced_random_40_60_splits,512,30,10,0.0,0.0,0.8,28,50000,46049,22238720,0.92098,0.03,0.2613453109997863,NeighborJoining,0.9918,0.7843137254901961,0.0,1.452288820999911,ok,nan
805122055,balanced_random_40_60_splits,512,30,10,0.0,0.0,0.8,29,50000,46165,22238720,0.9233,0.03,0.1988811070000338,ConfidentWeightedTMC_SMJ32,0.9896,0.3971915747241725,1.7347822789997736,62.38021328200011,ok,nan
805122055,balanced_random_40_60_splits,512,30,10,0.0,0.0,0.8,29,50000,46165,22238720,0.9233,0.03,0.1988811070000338,VanillaGreedy,0.9082,0.6215686274509804,0.0,0.7741020479998042,ok,nan
805122055,balanced_random_40_60_splits,512,30,10,0.0,0.0,0.8,29,50000,46165,22238720,0.9233,0.03,0.1988811070000338,UPGMA,0.9476,0.6490196078431373,0.0,1.266136600000209,ok,nan
805122055,balanced_random_40_60_splits,512,30,10,0.0,0.0,0.8,29,50000,46165,22238720,0.9233,0.03,0.1988811070000338,NeighborJoining,0.9986,0.7862745098039216,0.0,1.587030193999908,ok,nan
805122056,balanced_random_40_60_splits,512,30,10,0.0,0.0,0.8,30,50000,45714,22238720,0.91428,0.03,0.3108070990001579,ConfidentWeightedTMC_SMJ32,0.95,0.4128256513026052,2.136674357999709,62.41378170799999,ok,nan
805122056,balanced_random_40_60_splits,512,30,10,0.0,0.0,0.8,30,50000,45714,22238720,0.91428,0.03,0.3108070990001579,VanillaGreedy,0.8962,0.5888125613346418,0.0,0.8741555310002695,ok,nan
805122056,balanced_random_40_60_splits,512,30,10,0.0,0.0,0.8,30,50000,45714,22238720,0.91428,0.03,0.3108070990001579,UPGMA,0.9992,0.6901960784313725,0.0,1.7098597490003158,ok,nan
805122056,balanced_random_40_60_splits,512,30,10,0.0,0.0,0.8,30,50000,45714,22238720,0.91428,0.03,0.3108070990001579,NeighborJoining,0.9922,0.7862745098039216,0.0,1.475761474999672,ok,nan
805122057,balanced_random_40_60_splits,512,30,10,0.0,0.0,0.8,31,50000,45025,22238720,0.9005,0.03,0.2660807910001495,ConfidentWeightedTMC_SMJ32,0.989,0.357429718875502,2.366147526000077,65.14090707800005,ok,nan
805122057,balanced_random_40_60_splits,512,30,10,0.0,0.0,0.8,31,50000,45025,22238720,0.9005,0.03,0.2660807910001495,VanillaGreedy,0.9572,0.6790971540726203,0.0,0.8142531589996906,ok,nan
805122057,balanced_random_40_60_splits,512,30,10,0.0,0.0,0.8,31,50000,45025,22238720,0.9005,0.03,0.2660807910001495,UPGMA,0.8152,0.6843137254901961,0.0,1.174456145000022,ok,nan
805122057,balanced_random_40_60_splits,512,30,10,0.0,0.0,0.8,31,50000,45025,22238720,0.9005,0.03,0.2660807910001495,NeighborJoining,0.9972,0.8098039215686275,0.0,1.976434036000228,ok,nan
805122058,balanced_random_40_60_splits,512,30,10,0.0,0.0,0.8,32,50000,45790,22238720,0.9158,0.03,0.1890600920000906,ConfidentWeightedTMC_SMJ32,0.9922,0.4064064064064064,1.8358691890002772,59.449454840999806,ok,nan
805122058,balanced_random_40_60_splits,512,30,10,0.0,0.0,0.8,32,50000,45790,22238720,0.9158,0.03,0.1890600920000906,VanillaGreedy,0.921,0.6176470588235294,0.0,0.9518940329999168,ok,nan
805122058,balanced_random_40_60_splits,512,30,10,0.0,0.0,0.8,32,50000,45790,22238720,0.9158,0.03,0.1890600920000906,UPGMA,0.995,0.6705882352941177,0.0,1.5964365790000556,ok,nan
805122058,balanced_random_40_60_splits,512,30,10,0.0,0.0,0.8,32,50000,45790,22238720,0.9158,0.03,0.1890600920000906,NeighborJoining,0.9944,0.7705882352941177,0.0,1.386103974999969,ok,nan
805122059,balanced_random_40_60_splits,512,30,10,0.0,0.0,0.8,33,50000,45092,22238720,0.90184,0.03,0.3140543310000794,ConfidentWeightedTMC_SMJ32,0.9924,0.4874623871614845,2.1362499320002826,61.234853768,ok,nan
805122059,balanced_random_40_60_splits,512,30,10,0.0,0.0,0.8,33,50000,45092,22238720,0.90184,0.03,0.3140543310000794,VanillaGreedy,0.84,0.6274509803921569,0.0,0.8341261679997842,ok,nan
805122059,balanced_random_40_60_splits,512,30,10,0.0,0.0,0.8,33,50000,45092,22238720,0.90184,0.03,0.3140543310000794,UPGMA,0.9988,0.7254901960784313,0.0,1.3825322319999032,ok,nan
805122059,balanced_random_40_60_splits,512,30,10,0.0,0.0,0.8,33,50000,45092,22238720,0.90184,0.03,0.3140543310000794,NeighborJoining,0.976,0.8313725490196078,0.0,1.3307534049999958,ok,nan
805122060,balanced_random_40_60_splits,512,30,10,0.0,0.0,0.8,34,50000,46407,22238720,0.92814,0.03,0.2166619879999416,ConfidentWeightedTMC_SMJ32,0.984,0.4028056112224448,1.842864832000032,62.42315434000011,ok,nan
805122060,balanced_random_40_60_splits,512,30,10,0.0,0.0,0.8,34,50000,46407,22238720,0.92814,0.03,0.2166619879999416,VanillaGreedy,0.9558,0.6202158979391561,0.0,1.0773505699999075,ok,nan
805122060,balanced_random_40_60_splits,512,30,10,0.0,0.0,0.8,34,50000,46407,22238720,0.92814,0.03,0.2166619879999416,UPGMA,0.9982,0.607843137254902,0.0,1.8276466510001228,ok,nan
805122060,balanced_random_40_60_splits,512,30,10,0.0,0.0,0.8,34,50000,46407,22238720,0.92814,0.03,0.2166619879999416,NeighborJoining,0.9994,0.7392156862745098,0.0,1.261213140000109,ok,nan
805122061,balanced_random_40_60_splits,512,30,10,0.0,0.0,0.8,35,50000,44838,22238720,0.89676,0.03,0.2196246080002311,ConfidentWeightedTMC_SMJ32,0.9952,0.3891675025075225,2.09980223499997,59.71152969800005,ok,nan
805122061,balanced_random_40_60_splits,512,30,10,0.0,0.0,0.8,35,50000,44838,22238720,0.89676,0.03,0.2196246080002311,VanillaGreedy,0.7926,0.6653581943081452,0.0,0.8488919589999568,ok,nan
805122061,balanced_random_40_60_splits,512,30,10,0.0,0.0,0.8,35,50000,44838,22238720,0.89676,0.03,0.2196246080002311,UPGMA,0.9984,0.6882352941176471,0.0,1.3200264420001986,ok,nan
805122061,balanced_random_40_60_splits,512,30,10,0.0,0.0,0.8,35,50000,44838,22238720,0.89676,0.03,0.2196246080002311,NeighborJoining,0.9958,0.7960784313725491,0.0,1.6623299540001426,ok,nan
805122062,balanced_random_40_60_splits,512,30,10,0.0,0.0,0.8,36,50000,44067,22238720,0.88134,0.03,0.245093418000124,ConfidentWeightedTMC_SMJ32,0.6102,0.3370110330992979,1.8829627770001025,59.96522753199997,ok,nan
805122062,balanced_random_40_60_splits,512,30,10,0.0,0.0,0.8,36,50000,44067,22238720,0.88134,0.03,0.245093418000124,VanillaGreedy,0.9252,0.6647058823529413,0.0,0.8749920380000731,ok,nan
805122062,balanced_random_40_60_splits,512,30,10,0.0,0.0,0.8,36,50000,44067,22238720,0.88134,0.03,0.245093418000124,UPGMA,0.7058,0.7372549019607844,0.0,1.27435295100031,ok,nan
805122062,balanced_random_40_60_splits,512,30,10,0.0,0.0,0.8,36,50000,44067,22238720,0.88134,0.03,0.245093418000124,NeighborJoining,0.6392,0.8098039215686275,0.0,1.284318875000281,ok,nan
805122063,balanced_random_40_60_splits,512,30,10,0.0,0.0,0.8,37,50000,44874,22238720,0.89748,0.03,0.2171046979997299,ConfidentWeightedTMC_SMJ32,0.9892,0.3390170511534603,1.800192109999898,61.441761254000085,ok,nan
805122063,balanced_random_40_60_splits,512,30,10,0.0,0.0,0.8,37,50000,44874,22238720,0.89748,0.03,0.2171046979997299,VanillaGreedy,0.9298,0.6352941176470588,0.0,0.8553276419997928,ok,nan
805122063,balanced_random_40_60_splits,512,30,10,0.0,0.0,0.8,37,50000,44874,22238720,0.89748,0.03,0.2171046979997299,UPGMA,0.9902,0.7431372549019608,0.0,1.6133291010000903,ok,nan
805122063,balanced_random_40_60_splits,512,30,10,0.0,0.0,0.8,37,50000,44874,22238720,0.89748,0.03,0.2171046979997299,NeighborJoining,0.9626,0.8137254901960784,0.0,1.517307922999862,ok,nan
805122064,balanced_random_40_60_splits,512,30,10,0.0,0.0,0.8,38,50000,45314,22238720,0.90628,0.03,0.1972898620001615,ConfidentWeightedTMC_SMJ32,0.9916,0.5015045135406219,1.787659566000002,61.248551202999806,ok,nan
805122064,balanced_random_40_60_splits,512,30,10,0.0,0.0,0.8,38,50000,45314,22238720,0.90628,0.03,0.1972898620001615,VanillaGreedy,0.935,0.6653581943081452,0.0,0.82323594699983,ok,nan
805122064,balanced_random_40_60_splits,512,30,10,0.0,0.0,0.8,38,50000,45314,22238720,0.90628,0.03,0.1972898620001615,UPGMA,0.9986,0.711764705882353,0.0,1.2855781919997753,ok,nan
805122064,balanced_random_40_60_splits,512,30,10,0.0,0.0,0.8,38,50000,45314,22238720,0.90628,0.03,0.1972898620001615,NeighborJoining,0.9986,0.8098039215686275,0.0,1.5188836669999546,ok,nan
805122065,balanced_random_40_60_splits,512,30,10,0.0,0.0,0.8,39,50000,44250,22238720,0.885,0.03,0.2428142690000641,ConfidentWeightedTMC_SMJ32,0.9922,0.4116465863453815,1.8203597739998256,61.27742093000006,ok,nan
805122065,balanced_random_40_60_splits,512,30,10,0.0,0.0,0.8,39,50000,44250,22238720,0.885,0.03,0.2428142690000641,VanillaGreedy,0.8324,0.6372549019607843,0.0,0.8012625460000891,ok,nan
805122065,balanced_random_40_60_splits,512,30,10,0.0,0.0,0.8,39,50000,44250,22238720,0.885,0.03,0.2428142690000641,UPGMA,0.858,0.6705882352941177,0.0,1.2372695200001544,ok,nan
805122065,balanced_random_40_60_splits,512,30,10,0.0,0.0,0.8,39,50000,44250,22238720,0.885,0.03,0.2428142690000641,NeighborJoining,0.799,0.8196078431372549,0.0,1.3062938490002125,ok,nan
805122066,balanced_random_40_60_splits,512,30,10,0.0,0.0,0.8,40,50000,46471,22238720,0.92942,0.03,0.2044531660003485,ConfidentWeightedTMC_SMJ32,0.9912,0.320962888665998,2.185726035999778,58.74933530099997,ok,nan
805122066,balanced_random_40_60_splits,512,30,10,0.0,0.0,0.8,40,50000,46471,22238720,0.92942,0.03,0.2044531660003485,VanillaGreedy,0.876,0.6490196078431373,0.0,0.9602328239998316,ok,nan
805122066,balanced_random_40_60_splits,512,30,10,0.0,0.0,0.8,40,50000,46471,22238720,0.92942,0.03,0.2044531660003485,UPGMA,0.9938,0.6941176470588235,0.0,1.15707929600012,ok,nan
805122066,balanced_random_40_60_splits,512,30,10,0.0,0.0,0.8,40,50000,46471,22238720,0.92942,0.03,0.2044531660003485,NeighborJoining,0.9974,0.7803921568627451,0.0,1.1834197560001485,ok,nan
805122067,balanced_random_40_60_splits,512,30,10,0.0,0.0,0.8,41,50000,45525,22238720,0.9105,0.03,0.1628796200002398,ConfidentWeightedTMC_SMJ32,0.946,0.3603603603603603,1.506950857999982,54.78766460800034,ok,nan
805122067,balanced_random_40_60_splits,512,30,10,0.0,0.0,0.8,41,50000,45525,22238720,0.9105,0.03,0.1628796200002398,VanillaGreedy,0.935,0.6235294117647059,0.0,0.7635533570000916,ok,nan
805122067,balanced_random_40_60_splits,512,30,10,0.0,0.0,0.8,41,50000,45525,22238720,0.9105,0.03,0.1628796200002398,UPGMA,0.942,0.6647058823529413,0.0,1.2240117420001295,ok,nan
805122067,balanced_random_40_60_splits,512,30,10,0.0,0.0,0.8,41,50000,45525,22238720,0.9105,0.03,0.1628796200002398,NeighborJoining,0.9538,0.8,0.0,1.2798967839999025,ok,nan
805122068,balanced_random_40_60_splits,512,30,10,0.0,0.0,0.8,42,50000,47651,22238720,0.95302,0.03,0.1544488740000815,ConfidentWeightedTMC_SMJ32,0.9946,0.4404404404404404,1.5142779029997655,59.99203736899972,ok,nan
805122068,balanced_random_40_60_splits,512,30,10,0.0,0.0,0.8,42,50000,47651,22238720,0.95302,0.03,0.1544488740000815,VanillaGreedy,0.9556,0.6274509803921569,0.0,1.1353885119997358,ok,nan
805122068,balanced_random_40_60_splits,512,30,10,0.0,0.0,0.8,42,50000,47651,22238720,0.95302,0.03,0.1544488740000815,UPGMA,0.9986,0.6823529411764706,0.0,1.372400485000071,ok,nan
805122068,balanced_random_40_60_splits,512,30,10,0.0,0.0,0.8,42,50000,47651,22238720,0.95302,0.03,0.1544488740000815,NeighborJoining,0.9984,0.7725490196078432,0.0,1.5055658320002294,ok,nan
805122069,balanced_random_40_60_splits,512,30,10,0.0,0.0,0.8,43,50000,44816,22238720,0.89632,0.03,0.5463982599999326,ConfidentWeightedTMC_SMJ32,0.996,0.5225225225225225,2.0228882820001672,67.53099636900015,ok,nan
805122069,balanced_random_40_60_splits,512,30,10,0.0,0.0,0.8,43,50000,44816,22238720,0.89632,0.03,0.5463982599999326,VanillaGreedy,0.9286,0.6686274509803922,0.0,0.9231636819999948,ok,nan
805122069,balanced_random_40_60_splits,512,30,10,0.0,0.0,0.8,43,50000,44816,22238720,0.89632,0.03,0.5463982599999326,UPGMA,0.9812,0.7078431372549019,0.0,1.6234012840000105,ok,nan
805122069,balanced_random_40_60_splits,512,30,10,0.0,0.0,0.8,43,50000,44816,22238720,0.89632,0.03,0.5463982599999326,NeighborJoining,0.9784,0.8176470588235294,0.0,2.2134386470002028,ok,nan
805122070,balanced_random_40_60_splits,512,30,10,0.0,0.0,0.8,44,50000,45125,22238720,0.9025,0.03,0.5710810090004088,ConfidentWeightedTMC_SMJ32,0.9938,0.4493480441323971,2.769175418000032,65.18269927000028,ok,nan
805122070,balanced_random_40_60_splits,512,30,10,0.0,0.0,0.8,44,50000,45125,22238720,0.9025,0.03,0.5710810090004088,VanillaGreedy,0.9242,0.603921568627451,0.0,1.3779695650000576,ok,nan
805122070,balanced_random_40_60_splits,512,30,10,0.0,0.0,0.8,44,50000,45125,22238720,0.9025,0.03,0.5710810090004088,UPGMA,0.9926,0.7411764705882353,0.0,1.3797452819999307,ok,nan
805122070,balanced_random_40_60_splits,512,30,10,0.0,0.0,0.8,44,50000,45125,22238720,0.9025,0.03,0.5710810090004088,NeighborJoining,0.9806,0.7901960784313725,0.0,1.3449369669997395,ok,nan
805122071,balanced_random_40_60_splits,512,30,10,0.0,0.0,0.8,45,50000,45646,22238720,0.91292,0.03,0.2002700110001569,ConfidentWeightedTMC_SMJ32,0.9574,0.3510531594784353,1.948499897000147,63.81487292199972,ok,nan
805122071,balanced_random_40_60_splits,512,30,10,0.0,0.0,0.8,45,50000,45646,22238720,0.91292,0.03,0.2002700110001569,VanillaGreedy,0.9034,0.5980392156862745,0.0,0.9889065990000744,ok,nan
805122071,balanced_random_40_60_splits,512,30,10,0.0,0.0,0.8,45,50000,45646,22238720,0.91292,0.03,0.2002700110001569,UPGMA,0.9658,0.6705882352941177,0.0,1.6367345780004143,ok,nan
805122071,balanced_random_40_60_splits,512,30,10,0.0,0.0,0.8,45,50000,45646,22238720,0.91292,0.03,0.2002700110001569,NeighborJoining,0.9674,0.7901960784313725,0.0,1.7345224489999964,ok,nan
805122072,balanced_random_40_60_splits,512,30,10,0.0,0.0,0.8,46,50000,45175,22238720,0.9035,0.03,0.2107448199999453,ConfidentWeightedTMC_SMJ32,0.9812,0.3543543543543543,1.8160975330001747,54.39034534700022,ok,nan
805122072,balanced_random_40_60_splits,512,30,10,0.0,0.0,0.8,46,50000,45175,22238720,0.9035,0.03,0.2107448199999453,VanillaGreedy,0.9054,0.6019607843137256,0.0,0.788480193000396,ok,nan
805122072,balanced_random_40_60_splits,512,30,10,0.0,0.0,0.8,46,50000,45175,22238720,0.9035,0.03,0.2107448199999453,UPGMA,0.9166,0.6803921568627451,0.0,1.0757347570001912,ok,nan
805122072,balanced_random_40_60_splits,512,30,10,0.0,0.0,0.8,46,50000,45175,22238720,0.9035,0.03,0.2107448199999453,NeighborJoining,0.991,0.8235294117647058,0.0,1.4094361080001363,ok,nan
805122073,balanced_random_40_60_splits,512,30,10,0.0,0.0,0.8,47,50000,43884,22238720,0.87768,0.03,0.1470313549998536,ConfidentWeightedTMC_SMJ32,0.9526,0.3309929789368104,1.5880166140000256,65.71047979800005,ok,nan
805122073,balanced_random_40_60_splits,512,30,10,0.0,0.0,0.8,47,50000,43884,22238720,0.87768,0.03,0.1470313549998536,VanillaGreedy,0.9524,0.6529411764705882,0.0,1.2949239820000005,ok,nan
805122073,balanced_random_40_60_splits,512,30,10,0.0,0.0,0.8,47,50000,43884,22238720,0.87768,0.03,0.1470313549998536,UPGMA,0.6358,0.6627450980392157,0.0,1.576221460999932,ok,nan
805122073,balanced_random_40_60_splits,512,30,10,0.0,0.0,0.8,47,50000,43884,22238720,0.87768,0.03,0.1470313549998536,NeighborJoining,0.7608,0.8098039215686275,0.0,1.563422230000015,ok,nan
805122074,balanced_random_40_60_splits,512,30,10,0.0,0.0,0.8,48,50000,45256,22238720,0.90512,0.03,0.2211645020001924,ConfidentWeightedTMC_SMJ32,0.9884,0.4188376753507014,2.2004315310000493,54.950174896000135,ok,nan
805122074,balanced_random_40_60_splits,512,30,10,0.0,0.0,0.8,48,50000,45256,22238720,0.90512,0.03,0.2211645020001924,VanillaGreedy,0.898,0.6509803921568628,0.0,0.7799061739997342,ok,nan
805122074,balanced_random_40_60_splits,512,30,10,0.0,0.0,0.8,48,50000,45256,22238720,0.90512,0.03,0.2211645020001924,UPGMA,0.9804,0.6803921568627451,0.0,1.112215632999778,ok,nan
805122074,balanced_random_40_60_splits,512,30,10,0.0,0.0,0.8,48,50000,45256,22238720,0.90512,0.03,0.2211645020001924,NeighborJoining,0.7222,0.8,0.0,1.2076636489996415,ok,nan
805122075,balanced_random_40_60_splits,512,30,10,0.0,0.0,0.8,49,50000,43532,22238720,0.87064,0.03,0.2992739050000637,ConfidentWeightedTMC_SMJ32,0.9784,0.3947895791583166,2.4034848659998715,52.89926294799989,ok,nan
805122075,balanced_random_40_60_splits,512,30,10,0.0,0.0,0.8,49,50000,43532,22238720,0.87064,0.03,0.2992739050000637,VanillaGreedy,0.9416,0.6235294117647059,0.0,0.7530445950001194,ok,nan
805122075,balanced_random_40_60_splits,512,30,10,0.0,0.0,0.8,49,50000,43532,22238720,0.87064,0.03,0.2992739050000637,UPGMA,0.9972,0.7490196078431373,0.0,1.088257540000086,ok,nan
805122075,balanced_random_40_60_splits,512,30,10,0.0,0.0,0.8,49,50000,43532,22238720,0.87064,0.03,0.2992739050000637,NeighborJoining,0.9406,0.8235294117647058,0.0,1.4195315160000064,ok,nan
805222026,balanced_random_40_60_splits,512,30,10,0.0,0.3,0.8,0,50000,43404,22238720,0.86808,0.03,0.225480435999998,ConfidentWeightedTMC_SMJ32,0.9838,0.0980980980980981,1.59311376200003,67.18689986100026,ok,nan
805222026,balanced_random_40_60_splits,512,30,10,0.0,0.3,0.8,0,50000,43404,22238720,0.86808,0.03,0.225480435999998,VanillaGreedy,0.956,0.2082514734774067,0.0,1.356334514000082,ok,nan
805222026,balanced_random_40_60_splits,512,30,10,0.0,0.3,0.8,0,50000,43404,22238720,0.86808,0.03,0.225480435999998,UPGMA,0.9916,0.3823529411764705,0.0,1.4509864390001894,ok,nan
805222026,balanced_random_40_60_splits,512,30,10,0.0,0.3,0.8,0,50000,43404,22238720,0.86808,0.03,0.225480435999998,NeighborJoining,0.985,0.3725490196078431,0.0,2.142690013999527,ok,nan
805222027,balanced_random_40_60_splits,512,30,10,0.0,0.3,0.8,1,50000,43081,22238720,0.86162,0.03,0.3222252559999106,ConfidentWeightedTMC_SMJ32,0.9838,0.066198595787362,1.985394088999783,65.44920429299964,ok,nan
805222027,balanced_random_40_60_splits,512,30,10,0.0,0.3,0.8,1,50000,43081,22238720,0.86162,0.03,0.3222252559999106,VanillaGreedy,0.8154,0.2102161100196463,0.0,1.612813574000029,ok,nan
805222027,balanced_random_40_60_splits,512,30,10,0.0,0.3,0.8,1,50000,43081,22238720,0.86162,0.03,0.3222252559999106,UPGMA,0.996,0.3333333333333333,0.0,1.3484672310005408,ok,nan
805222027,balanced_random_40_60_splits,512,30,10,0.0,0.3,0.8,1,50000,43081,22238720,0.86162,0.03,0.3222252559999106,NeighborJoining,0.979,0.3549019607843137,0.0,1.3453381909994278,ok,nan
805222028,balanced_random_40_60_splits,512,30,10,0.0,0.3,0.8,2,50000,42823,22238720,0.85646,0.03,0.2818871310000759,ConfidentWeightedTMC_SMJ32,0.9528,0.1083249749247743,2.209879744999853,68.0710585959996,ok,nan
805222028,balanced_random_40_60_splits,512,30,10,0.0,0.3,0.8,2,50000,42823,22238720,0.85646,0.03,0.2818871310000759,VanillaGreedy,0.799,0.2058823529411765,0.0,1.370081205999668,ok,nan
805222028,balanced_random_40_60_splits,512,30,10,0.0,0.3,0.8,2,50000,42823,22238720,0.85646,0.03,0.2818871310000759,UPGMA,0.9702,0.3901960784313725,0.0,1.3558136450001257,ok,nan
805222028,balanced_random_40_60_splits,512,30,10,0.0,0.3,0.8,2,50000,42823,22238720,0.85646,0.03,0.2818871310000759,NeighborJoining,0.9622,0.3921568627450981,0.0,1.8756855700003143,ok,nan
805222029,balanced_random_40_60_splits,512,30,10,0.0,0.3,0.8,3,50000,42747,22238720,0.85494,0.03,0.2638934990000052,ConfidentWeightedTMC_SMJ32,0.9672,0.0801603206412825,2.146065285999612,67.10054051599946,ok,nan
805222029,balanced_random_40_60_splits,512,30,10,0.0,0.3,0.8,3,50000,42747,22238720,0.85494,0.03,0.2638934990000052,VanillaGreedy,0.9568,0.2411764705882353,0.0,1.5226614139992307,ok,nan
805222029,balanced_random_40_60_splits,512,30,10,0.0,0.3,0.8,3,50000,42747,22238720,0.85494,0.03,0.2638934990000052,UPGMA,0.979,0.4274509803921569,0.0,2.02059442799964,ok,nan
805222029,balanced_random_40_60_splits,512,30,10,0.0,0.3,0.8,3,50000,42747,22238720,0.85494,0.03,0.2638934990000052,NeighborJoining,0.8806,0.4196078431372548,0.0,1.8518034270000496,ok,nan
805222030,balanced_random_40_60_splits,512,30,10,0.0,0.3,0.8,4,50000,44129,22238720,0.88258,0.03,0.3403376269998261,ConfidentWeightedTMC_SMJ32,0.971,0.0842527582748244,2.348319482000079,61.56576452199988,ok,nan
805222030,balanced_random_40_60_splits,512,30,10,0.0,0.3,0.8,4,50000,44129,22238720,0.88258,0.03,0.3403376269998261,VanillaGreedy,0.937,0.2041216879293425,0.0,1.126204518999657,ok,nan
805222030,balanced_random_40_60_splits,512,30,10,0.0,0.3,0.8,4,50000,44129,22238720,0.88258,0.03,0.3403376269998261,UPGMA,0.9838,0.3862745098039215,0.0,1.1247348319993762,ok,nan
805222030,balanced_random_40_60_splits,512,30,10,0.0,0.3,0.8,4,50000,44129,22238720,0.88258,0.03,0.3403376269998261,NeighborJoining,0.9548,0.3470588235294117,0.0,1.1687053570003627,ok,nan
805222031,balanced_random_40_60_splits,512,30,10,0.0,0.3,0.8,5,50000,42694,22238720,0.85388,0.03,0.2347660240002369,ConfidentWeightedTMC_SMJ32,0.9888,0.0881763527054108,1.7312854559995683,48.31174759499936,ok,nan
805222031,balanced_random_40_60_splits,512,30,10,0.0,0.3,0.8,5,50000,42694,22238720,0.85388,0.03,0.2347660240002369,VanillaGreedy,0.9394,0.2470588235294117,0.0,1.077284430999498,ok,nan
805222031,balanced_random_40_60_splits,512,30,10,0.0,0.3,0.8,5,50000,42694,22238720,0.85388,0.03,0.2347660240002369,UPGMA,0.9952,0.3921568627450981,0.0,1.0492713710000316,ok,nan
805222031,balanced_random_40_60_splits,512,30,10,0.0,0.3,0.8,5,50000,42694,22238720,0.85388,0.03,0.2347660240002369,NeighborJoining,0.9924,0.3686274509803922,0.0,1.2923811629998454,ok,nan
805222032,balanced_random_40_60_splits,512,30,10,0.0,0.3,0.8,6,50000,45713,22238720,0.91426,0.03,0.1938873389999571,ConfidentWeightedTMC_SMJ32,0.9822,0.0842527582748244,1.5038504239992108,51.0458450770002,ok,nan
805222032,balanced_random_40_60_splits,512,30,10,0.0,0.3,0.8,6,50000,45713,22238720,0.91426,0.03,0.1938873389999571,VanillaGreedy,0.8782,0.2294117647058823,0.0,1.0135940169993771,ok,nan
805222032,balanced_random_40_60_splits,512,30,10,0.0,0.3,0.8,6,50000,45713,22238720,0.91426,0.03,0.1938873389999571,UPGMA,0.9732,0.3098039215686274,0.0,1.0660847589997502,ok,nan
805222032,balanced_random_40_60_splits,512,30,10,0.0,0.3,0.8,6,50000,45713,22238720,0.91426,0.03,0.1938873389999571,NeighborJoining,0.9474,0.3372549019607843,0.0,1.1032127099997524,ok,nan
805222033,balanced_random_40_60_splits,512,30,10,0.0,0.3,0.8,7,50000,42525,22238720,0.8505,0.03,0.1867544810002073,ConfidentWeightedTMC_SMJ32,0.9688,0.076305220883534,1.5622614870007965,53.02136964300007,ok,nan
805222033,balanced_random_40_60_splits,512,30,10,0.0,0.3,0.8,7,50000,42525,22238720,0.8505,0.03,0.1867544810002073,VanillaGreedy,0.861,0.1941176470588235,0.0,1.525694632000523,ok,nan
805222033,balanced_random_40_60_splits,512,30,10,0.0,0.3,0.8,7,50000,42525,22238720,0.8505,0.03,0.1867544810002073,UPGMA,0.9898,0.3745098039215686,0.0,1.4605120599999282,ok,nan
805222033,balanced_random_40_60_splits,512,30,10,0.0,0.3,0.8,7,50000,42525,22238720,0.8505,0.03,0.1867544810002073,NeighborJoining,0.9586,0.403921568627451,0.0,1.616293302999111,ok,nan
805222034,balanced_random_40_60_splits,512,30,10,0.0,0.3,0.8,8,50000,42545,22238720,0.8509,0.03,0.2442806520002705,ConfidentWeightedTMC_SMJ32,0.9686,0.0601202404809618,1.5830859440002314,55.23965053700067,ok,nan
805222034,balanced_random_40_60_splits,512,30,10,0.0,0.3,0.8,8,50000,42545,22238720,0.8509,0.03,0.2442806520002705,VanillaGreedy,0.9524,0.2372549019607843,0.0,1.1637399419996657,ok,nan
805222034,balanced_random_40_60_splits,512,30,10,0.0,0.3,0.8,8,50000,42545,22238720,0.8509,0.03,0.2442806520002705,UPGMA,0.9614,0.3607843137254902,0.0,1.399660863000463,ok,nan
805222034,balanced_random_40_60_splits,512,30,10,0.0,0.3,0.8,8,50000,42545,22238720,0.8509,0.03,0.2442806520002705,NeighborJoining,0.802,0.3745098039215686,0.0,1.2486367579995203,ok,nan
805222035,balanced_random_40_60_splits,512,30,10,0.0,0.3,0.8,9,50000,42788,22238720,0.85576,0.03,0.2739846380000017,ConfidentWeightedTMC_SMJ32,0.9832,0.0561122244488977,1.8578709029998208,61.49873117599964,ok,nan
805222035,balanced_random_40_60_splits,512,30,10,0.0,0.3,0.8,9,50000,42788,22238720,0.85576,0.03,0.2739846380000017,VanillaGreedy,0.9574,0.2098039215686274,0.0,1.4991252529998746,ok,nan
805222035,balanced_random_40_60_splits,512,30,10,0.0,0.3,0.8,9,50000,42788,22238720,0.85576,0.03,0.2739846380000017,UPGMA,0.9968,0.3254901960784313,0.0,1.6758715869991647,ok,nan
805222035,balanced_random_40_60_splits,512,30,10,0.0,0.3,0.8,9,50000,42788,22238720,0.85576,0.03,0.2739846380000017,NeighborJoining,0.9906,0.3137254901960784,0.0,1.311218550000376,ok,nan
805222036,balanced_random_40_60_splits,512,30,10,0.0,0.3,0.8,10,50000,42030,22238720,0.8406,0.03,0.3052712830003656,ConfidentWeightedTMC_SMJ32,0.975,0.076076076076076,2.1108972239999275,56.46556965000036,ok,nan
805222036,balanced_random_40_60_splits,512,30,10,0.0,0.3,0.8,10,50000,42030,22238720,0.8406,0.03,0.3052712830003656,VanillaGreedy,0.9822,0.2708537782139352,0.0,1.038364922000255,ok,nan
805222036,balanced_random_40_60_splits,512,30,10,0.0,0.3,0.8,10,50000,42030,22238720,0.8406,0.03,0.3052712830003656,UPGMA,0.7688,0.3686274509803922,0.0,1.1888020569995206,ok,nan
805222036,balanced_random_40_60_splits,512,30,10,0.0,0.3,0.8,10,50000,42030,22238720,0.8406,0.03,0.3052712830003656,NeighborJoining,0.9828,0.3823529411764705,0.0,1.3365557830002217,ok,nan
805222037,balanced_random_40_60_splits,512,30,10,0.0,0.3,0.8,11,50000,43989,22238720,0.87978,0.03,0.2608920400007264,ConfidentWeightedTMC_SMJ32,0.9804,0.0721442885771542,1.7567584749995149,54.91236545999982,ok,nan
805222037,balanced_random_40_60_splits,512,30,10,0.0,0.3,0.8,11,50000,43989,22238720,0.87978,0.03,0.2608920400007264,VanillaGreedy,0.9114,0.1943081452404318,0.0,1.5619811449996632,ok,nan
805222037,balanced_random_40_60_splits,512,30,10,0.0,0.3,0.8,11,50000,43989,22238720,0.87978,0.03,0.2608920400007264,UPGMA,0.9882,0.3313725490196079,0.0,1.2610584900003232,ok,nan
805222037,balanced_random_40_60_splits,512,30,10,0.0,0.3,0.8,11,50000,43989,22238720,0.87978,0.03,0.2608920400007264,NeighborJoining,0.9908,0.3725490196078431,0.0,1.284686324000177,ok,nan
805222038,balanced_random_40_60_splits,512,30,10,0.0,0.3,0.8,12,50000,43115,22238720,0.8623,0.03,0.2521866709994356,ConfidentWeightedTMC_SMJ32,0.9888,0.1143430290872618,1.7928707359997134,68.03034493599989,ok,nan
805222038,balanced_random_40_60_splits,512,30,10,0.0,0.3,0.8,12,50000,43115,22238720,0.8623,0.03,0.2521866709994356,VanillaGreedy,0.9604,0.2217860647693817,0.0,1.2169916849998117,ok,nan
805222038,balanced_random_40_60_splits,512,30,10,0.0,0.3,0.8,12,50000,43115,22238720,0.8623,0.03,0.2521866709994356,UPGMA,0.9938,0.3431372549019608,0.0,1.4651526810002906,ok,nan
805222038,balanced_random_40_60_splits,512,30,10,0.0,0.3,0.8,12,50000,43115,22238720,0.8623,0.03,0.2521866709994356,NeighborJoining,0.9826,0.3529411764705882,0.0,1.3543070850000731,ok,nan
805222039,balanced_random_40_60_splits,512,30,10,0.0,0.3,0.8,13,50000,42657,22238720,0.85314,0.03,0.2695665729997927,ConfidentWeightedTMC_SMJ32,0.9116,0.062186559679037,1.900025746999745,59.42529967900009,ok,nan
805222039,balanced_random_40_60_splits,512,30,10,0.0,0.3,0.8,13,50000,42657,22238720,0.85314,0.03,0.2695665729997927,VanillaGreedy,0.9278,0.1901960784313725,0.0,1.644998984999802,ok,nan
805222039,balanced_random_40_60_splits,512,30,10,0.0,0.3,0.8,13,50000,42657,22238720,0.85314,0.03,0.2695665729997927,UPGMA,0.9512,0.3803921568627451,0.0,1.7815092240007289,ok,nan
805222039,balanced_random_40_60_splits,512,30,10,0.0,0.3,0.8,13,50000,42657,22238720,0.85314,0.03,0.2695665729997927,NeighborJoining,0.949,0.3941176470588236,0.0,1.4040355839997574,ok,nan
805222040,balanced_random_40_60_splits,512,30,10,0.0,0.3,0.8,14,50000,42954,22238720,0.85908,0.03,0.2791507889996865,ConfidentWeightedTMC_SMJ32,0.97,0.0563380281690141,2.0054699960001017,70.36211440199986,ok,nan
805222040,balanced_random_40_60_splits,512,30,10,0.0,0.3,0.8,14,50000,42954,22238720,0.85908,0.03,0.2791507889996865,VanillaGreedy,0.9494,0.2215686274509803,0.0,1.4702452170004108,ok,nan
805222040,balanced_random_40_60_splits,512,30,10,0.0,0.3,0.8,14,50000,42954,22238720,0.85908,0.03,0.2791507889996865,UPGMA,0.9924,0.3784313725490196,0.0,3.07723733200055,ok,nan
805222040,balanced_random_40_60_splits,512,30,10,0.0,0.3,0.8,14,50000,42954,22238720,0.85908,0.03,0.2791507889996865,NeighborJoining,0.9592,0.3490196078431372,0.0,1.3264996249999967,ok,nan
805222041,balanced_random_40_60_splits,512,30,10,0.0,0.3,0.8,15,50000,42017,22238720,0.84034,0.03,0.2770671130001574,ConfidentWeightedTMC_SMJ32,0.9116,0.0702106318956871,2.009655971000029,55.33681011299996,ok,nan
805222041,balanced_random_40_60_splits,512,30,10,0.0,0.3,0.8,15,50000,42017,22238720,0.84034,0.03,0.2770671130001574,VanillaGreedy,0.9454,0.2745098039215686,0.0,1.130363316000512,ok,nan
805222041,balanced_random_40_60_splits,512,30,10,0.0,0.3,0.8,15,50000,42017,22238720,0.84034,0.03,0.2770671130001574,UPGMA,0.9322,0.4215686274509803,0.0,1.3175226060002387,ok,nan
805222041,balanced_random_40_60_splits,512,30,10,0.0,0.3,0.8,15,50000,42017,22238720,0.84034,0.03,0.2770671130001574,NeighborJoining,0.9142,0.4470588235294117,0.0,1.374263886000335,ok,nan
805222042,balanced_random_40_60_splits,512,30,10,0.0,0.3,0.8,16,50000,42748,22238720,0.85496,0.03,0.2911069239999051,ConfidentWeightedTMC_SMJ32,0.9602,0.058,1.7369290340002408,48.56527363799978,ok,nan
805222042,balanced_random_40_60_splits,512,30,10,0.0,0.3,0.8,16,50000,42748,22238720,0.85496,0.03,0.2911069239999051,VanillaGreedy,0.9682,0.2529411764705882,0.0,1.1395259910004825,ok,nan
805222042,balanced_random_40_60_splits,512,30,10,0.0,0.3,0.8,16,50000,42748,22238720,0.85496,0.03,0.2911069239999051,UPGMA,0.9958,0.3784313725490196,0.0,1.4811962980002136,ok,nan
805222042,balanced_random_40_60_splits,512,30,10,0.0,0.3,0.8,16,50000,42748,22238720,0.85496,0.03,0.2911069239999051,NeighborJoining,0.955,0.3254901960784313,0.0,1.4103613510005744,ok,nan
805222043,balanced_random_40_60_splits,512,30,10,0.0,0.3,0.8,17,50000,44020,22238720,0.8804,0.03,0.2422755369998412,ConfidentWeightedTMC_SMJ32,0.9632,0.072289156626506,1.454041429999961,52.55122104999919,ok,nan
805222043,balanced_random_40_60_splits,512,30,10,0.0,0.3,0.8,17,50000,44020,22238720,0.8804,0.03,0.2422755369998412,VanillaGreedy,0.8434,0.1999999999999999,0.0,1.0869509450003534,ok,nan
805222043,balanced_random_40_60_splits,512,30,10,0.0,0.3,0.8,17,50000,44020,22238720,0.8804,0.03,0.2422755369998412,UPGMA,0.984,0.3,0.0,1.4513615490004668,ok,nan
805222043,balanced_random_40_60_splits,512,30,10,0.0,0.3,0.8,17,50000,44020,22238720,0.8804,0.03,0.2422755369998412,NeighborJoining,0.9642,0.3627450980392157,0.0,1.4514833709999948,ok,nan
805222044,balanced_random_40_60_splits,512,30,10,0.0,0.3,0.8,18,50000,42061,22238720,0.84122,0.03,0.2683987749996959,ConfidentWeightedTMC_SMJ32,0.9678,0.0741482965931863,1.7454842099996313,51.64936217000013,ok,nan
805222044,balanced_random_40_60_splits,512,30,10,0.0,0.3,0.8,18,50000,42061,22238720,0.84122,0.03,0.2683987749996959,VanillaGreedy,0.918,0.2355250245338567,0.0,0.9337234770000578,ok,nan
805222044,balanced_random_40_60_splits,512,30,10,0.0,0.3,0.8,18,50000,42061,22238720,0.84122,0.03,0.2683987749996959,UPGMA,0.9942,0.388235294117647,0.0,1.2036824639999395,ok,nan
805222044,balanced_random_40_60_splits,512,30,10,0.0,0.3,0.8,18,50000,42061,22238720,0.84122,0.03,0.2683987749996959,NeighborJoining,0.8326,0.3686274509803922,0.0,1.0183806560007724,ok,nan
805222045,balanced_random_40_60_splits,512,30,10,0.0,0.3,0.8,19,50000,41989,22238720,0.83978,0.03,0.2344583450003483,ConfidentWeightedTMC_SMJ32,0.9576,0.0901803607214428,1.908911743999852,53.122233396999945,ok,nan
805222045,balanced_random_40_60_splits,512,30,10,0.0,0.3,0.8,19,50000,41989,22238720,0.83978,0.03,0.2344583450003483,VanillaGreedy,0.9518,0.2652259332023575,0.0,1.7772944960006498,ok,nan
805222045,balanced_random_40_60_splits,512,30,10,0.0,0.3,0.8,19,50000,41989,22238720,0.83978,0.03,0.2344583450003483,UPGMA,0.9768,0.3803921568627451,0.0,1.4318441420000454,ok,nan
805222045,balanced_random_40_60_splits,512,30,10,0.0,0.3,0.8,19,50000,41989,22238720,0.83978,0.03,0.2344583450003483,NeighborJoining,0.9776,0.3666666666666667,0.0,1.730987388000358,ok,nan
805222046,balanced_random_40_60_splits,512,30,10,0.0,0.3,0.8,20,50000,43529,22238720,0.87058,0.03,0.2676311899995198,ConfidentWeightedTMC_SMJ32,0.9812,0.0501504513540621,2.0776869370001805,64.24328387399964,ok,nan
805222046,balanced_random_40_60_splits,512,30,10,0.0,0.3,0.8,20,50000,43529,22238720,0.87058,0.03,0.2676311899995198,VanillaGreedy,0.7758,0.1764705882352941,0.0,1.169201585999872,ok,nan
805222046,balanced_random_40_60_splits,512,30,10,0.0,0.3,0.8,20,50000,43529,22238720,0.87058,0.03,0.2676311899995198,UPGMA,0.9658,0.3549019607843137,0.0,1.2644449899999015,ok,nan
805222046,balanced_random_40_60_splits,512,30,10,0.0,0.3,0.8,20,50000,43529,22238720,0.87058,0.03,0.2676311899995198,NeighborJoining,0.957,0.3666666666666667,0.0,1.8127081739994535,ok,nan
805222047,balanced_random_40_60_splits,512,30,10,0.0,0.3,0.8,21,50000,43910,22238720,0.8782,0.03,0.2661464869997871,ConfidentWeightedTMC_SMJ32,0.9812,0.078234704112337,1.9870863189999,61.98495405199992,ok,nan
805222047,balanced_random_40_60_splits,512,30,10,0.0,0.3,0.8,21,50000,43910,22238720,0.8782,0.03,0.2661464869997871,VanillaGreedy,0.976,0.1647058823529411,0.0,1.3408237460007513,ok,nan
805222047,balanced_random_40_60_splits,512,30,10,0.0,0.3,0.8,21,50000,43910,22238720,0.8782,0.03,0.2661464869997871,UPGMA,0.9746,0.3470588235294117,0.0,1.916658450999421,ok,nan
805222047,balanced_random_40_60_splits,512,30,10,0.0,0.3,0.8,21,50000,43910,22238720,0.8782,0.03,0.2661464869997871,NeighborJoining,0.981,0.3372549019607843,0.0,1.3872635560001072,ok,nan
805222048,balanced_random_40_60_splits,512,30,10,0.0,0.3,0.8,22,50000,43180,22238720,0.8636,0.03,0.3057091459995718,ConfidentWeightedTMC_SMJ32,0.9796,0.0703517587939698,1.7964704399992115,63.8628025779999,ok,nan
805222048,balanced_random_40_60_splits,512,30,10,0.0,0.3,0.8,22,50000,43180,22238720,0.8636,0.03,0.3057091459995718,VanillaGreedy,0.7798,0.1999999999999999,0.0,1.370065135999539,ok,nan
805222048,balanced_random_40_60_splits,512,30,10,0.0,0.3,0.8,22,50000,43180,22238720,0.8636,0.03,0.3057091459995718,UPGMA,0.9934,0.3607843137254902,0.0,1.5904325139999855,ok,nan
805222048,balanced_random_40_60_splits,512,30,10,0.0,0.3,0.8,22,50000,43180,22238720,0.8636,0.03,0.3057091459995718,NeighborJoining,0.8044,0.3725490196078431,0.0,1.6579602499996329,ok,nan
805222049,balanced_random_40_60_splits,512,30,10,0.0,0.3,0.8,23,50000,43245,22238720,0.8649,0.03,0.6026222410000628,ConfidentWeightedTMC_SMJ32,0.9812,0.066132264529058,1.975288055999954,57.53690984399964,ok,nan
805222049,balanced_random_40_60_splits,512,30,10,0.0,0.3,0.8,23,50000,43245,22238720,0.8649,0.03,0.6026222410000628,VanillaGreedy,0.844,0.1980392156862744,0.0,1.3240731389996654,ok,nan
805222049,balanced_random_40_60_splits,512,30,10,0.0,0.3,0.8,23,50000,43245,22238720,0.8649,0.03,0.6026222410000628,UPGMA,0.9896,0.3,0.0,1.4011083319992397,ok,nan
805222049,balanced_random_40_60_splits,512,30,10,0.0,0.3,0.8,23,50000,43245,22238720,0.8649,0.03,0.6026222410000628,NeighborJoining,0.8062,0.3137254901960784,0.0,1.8089788899997077,ok,nan
805222050,balanced_random_40_60_splits,512,30,10,0.0,0.3,0.8,24,50000,42938,22238720,0.85876,0.03,0.2159961139996085,ConfidentWeightedTMC_SMJ32,0.9784,0.1061061061061061,2.181685082000513,57.173223877000055,ok,nan
805222050,balanced_random_40_60_splits,512,30,10,0.0,0.3,0.8,24,50000,42938,22238720,0.85876,0.03,0.2159961139996085,VanillaGreedy,0.8186,0.2708537782139352,0.0,1.1725362800007133,ok,nan
805222050,balanced_random_40_60_splits,512,30,10,0.0,0.3,0.8,24,50000,42938,22238720,0.85876,0.03,0.2159961139996085,UPGMA,0.9926,0.4882352941176471,0.0,1.3431744669996988,ok,nan
805222050,balanced_random_40_60_splits,512,30,10,0.0,0.3,0.8,24,50000,42938,22238720,0.85876,0.03,0.2159961139996085,NeighborJoining,0.992,0.480392156862745,0.0,1.2661617750000005,ok,nan
805222051,balanced_random_40_60_splits,512,30,10,0.0,0.3,0.8,25,50000,42842,22238720,0.85684,0.03,0.2264451150003879,ConfidentWeightedTMC_SMJ32,0.978,0.0801603206412825,1.986298705000081,58.93328845399992,ok,nan
805222051,balanced_random_40_60_splits,512,30,10,0.0,0.3,0.8,25,50000,42842,22238720,0.85684,0.03,0.2264451150003879,VanillaGreedy,0.9616,0.2490196078431372,0.0,2.953476383000634,ok,nan
805222051,balanced_random_40_60_splits,512,30,10,0.0,0.3,0.8,25,50000,42842,22238720,0.85684,0.03,0.2264451150003879,UPGMA,0.963,0.2960784313725489,0.0,2.8102018110002973,ok,nan
805222051,balanced_random_40_60_splits,512,30,10,0.0,0.3,0.8,25,50000,42842,22238720,0.85684,0.03,0.2264451150003879,NeighborJoining,0.9936,0.3215686274509803,0.0,3.2395333940003184,ok,nan
805222052,balanced_random_40_60_splits,512,30,10,0.0,0.3,0.8,26,50000,42803,22238720,0.85606,0.03,0.2655342509997354,ConfidentWeightedTMC_SMJ32,0.9598,0.07831325301204817,1.8362301090000983,71.09514595600012,ok,
805222052,balanced_random_40_60_splits,512,30,10,0.0,0.3,0.8,26,50000,42803,22238720,0.85606,0.03,0.2655342509997354,VanillaGreedy,0.861,0.2357563850687623,0.0,1.4440565330005484,ok,
805222052,balanced_random_40_60_splits,512,30,10,0.0,0.3,0.8,26,50000,42803,22238720,0.85606,0.03,0.2655342509997354,UPGMA,0.9952,0.44509803921568625,0.0,3.643230515000141,ok,
805222052,balanced_random_40_60_splits,512,30,10,0.0,0.3,0.8,26,50000,42803,22238720,0.85606,0.03,0.2655342509997354,NeighborJoining,0.9602,0.4392156862745098,0.0,5.594340274999922,ok,
805222053,balanced_random_40_60_splits,512,30,10,0.0,0.3,0.8,27,50000,43229,22238720,0.86458,0.03,0.32101126899942756,ConfidentWeightedTMC_SMJ32,0.9844,0.07414829659318634,2.21901527800037,56.05844808499933,ok,
805222053,balanced_random_40_60_splits,512,30,10,0.0,0.3,0.8,27,50000,43229,22238720,0.86458,0.03,0.32101126899942756,VanillaGreedy,0.9092,0.196078431372549,0.0,1.9398290079998333,ok,
805222053,balanced_random_40_60_splits,512,30,10,0.0,0.3,0.8,27,50000,43229,22238720,0.86458,0.03,0.32101126899942756,UPGMA,0.9844,0.36274509803921573,0.0,1.5454914259998986,ok,
805222053,balanced_random_40_60_splits,512,30,10,0.0,0.3,0.8,27,50000,43229,22238720,0.86458,0.03,0.32101126899942756,NeighborJoining,0.9788,0.36078431372549025,0.0,1.6534803849999662,ok,
805222054,balanced_random_40_60_splits,512,30,10,0.0,0.3,0.8,28,50000,42512,22238720,0.85024,0.03,0.22776716700082034,ConfidentWeightedTMC_SMJ32,0.9856,0.12424849699398799,1.6674790060005762,63.74090225300006,ok,
805222054,balanced_random_40_60_splits,512,30,10,0.0,0.3,0.8,28,50000,42512,22238720,0.85024,0.03,0.22776716700082034,VanillaGreedy,0.9754,0.22941176470588232,0.0,1.1549520460002896,ok,
805222054,balanced_random_40_60_splits,512,30,10,0.0,0.3,0.8,28,50000,42512,22238720,0.85024,0.03,0.22776716700082034,UPGMA,0.9936,0.3803921568627451,0.0,1.5041767029997573,ok,
805222054,balanced_random_40_60_splits,512,30,10,0.0,0.3,0.8,28,50000,42512,22238720,0.85024,0.03,0.22776716700082034,NeighborJoining,0.9696,0.4254901960784314,0.0,1.8781971960006558,ok,
805222055,balanced_random_40_60_splits,512,30,10,0.0,0.3,0.8,29,50000,41769,22238720,0.83538,0.03,0.3102659770001992,ConfidentWeightedTMC_SMJ32,0.971,0.06813627254509014,1.8695257979998132,48.20708616899992,ok,
805222055,balanced_random_40_60_splits,512,30,10,0.0,0.3,0.8,29,50000,41769,22238720,0.83538,0.03,0.3102659770001992,VanillaGreedy,0.9538,0.23921568627450984,0.0,0.9009148129998721,ok,
805222055,balanced_random_40_60_splits,512,30,10,0.0,0.3,0.8,29,50000,41769,22238720,0.83538,0.03,0.3102659770001992,UPGMA,0.9442,0.40980392156862744,0.0,0.9028928379993886,ok,
805222055,balanced_random_40_60_splits,512,30,10,0.0,0.3,0.8,29,50000,41769,22238720,0.83538,0.03,0.3102659770001992,NeighborJoining,0.9382,0.4725490196078431,0.0,1.2600775099999737,ok,
805222056,balanced_random_40_60_splits,512,30,10,0.0,0.3,0.8,30,50000,43414,22238720,0.86828,0.03,0.18809067199981655,ConfidentWeightedTMC_SMJ32,0.9698,0.0881763527054108,1.247887508000531,61.93981075299962,ok,
805222056,balanced_random_40_60_splits,512,30,10,0.0,0.3,0.8,30,50000,43414,22238720,0.86828,0.03,0.18809067199981655,VanillaGreedy,0.9338,0.2529411764705882,0.0,0.9903853260002506,ok,
805222056,balanced_random_40_60_splits,512,30,10,0.0,0.3,0.8,30,50000,43414,22238720,0.86828,0.03,0.18809067199981655,UPGMA,0.9792,0.3764705882352941,0.0,0.9776624480000464,ok,
805222056,balanced_random_40_60_splits,512,30,10,0.0,0.3,0.8,30,50000,43414,22238720,0.86828,0.03,0.18809067199981655,NeighborJoining,0.8212,0.3784313725490196,0.0,1.0478450720002002,ok,
805222057,balanced_random_40_60_splits,512,30,10,0.0,0.3,0.8,31,50000,42042,22238720,0.84084,0.03,0.19445120799991855,ConfidentWeightedTMC_SMJ32,0.7484,0.06619859578736209,1.7077983339995626,50.287691905999964,ok,
805222057,balanced_random_40_60_splits,512,30,10,0.0,0.3,0.8,31,50000,42042,22238720,0.84084,0.03,0.19445120799991855,VanillaGreedy,0.748,0.20392156862745103,0.0,0.9064252360003593,ok,
805222057,balanced_random_40_60_splits,512,30,10,0.0,0.3,0.8,31,50000,42042,22238720,0.84084,0.03,0.19445120799991855,UPGMA,0.7546,0.43137254901960786,0.0,1.029818467000041,ok,
805222057,balanced_random_40_60_splits,512,30,10,0.0,0.3,0.8,31,50000,42042,22238720,0.84084,0.03,0.19445120799991855,NeighborJoining,0.7144,0.42352941176470593,0.0,1.243575864000377,ok,
805222058,balanced_random_40_60_splits,512,30,10,0.0,0.3,0.8,32,50000,43408,22238720,0.86816,0.03,0.22535550799966586,ConfidentWeightedTMC_SMJ32,0.9624,0.08617234468937873,1.4912652129996786,47.40932731399971,ok,
805222058,balanced_random_40_60_splits,512,30,10,0.0,0.3,0.8,32,50000,43408,22238720,0.86816,0.03,0.22535550799966586,VanillaGreedy,0.872,0.20804710500490675,0.0,0.8993426870001713,ok,
805222058,balanced_random_40_60_splits,512,30,10,0.0,0.3,0.8,32,50000,43408,22238720,0.86816,0.03,0.22535550799966586,UPGMA,0.9802,0.3294117647058824,0.0,0.8433421689996976,ok,
805222058,balanced_random_40_60_splits,512,30,10,0.0,0.3,0.8,32,50000,43408,22238720,0.86816,0.03,0.22535550799966586,NeighborJoining,0.9888,0.3921568627450981,0.0,0.9555496439998024,ok,
805222059,balanced_random_40_60_splits,512,30,10,0.0,0.3,0.8,33,50000,43830,22238720,0.8766,0.03,0.21888503799982573,ConfidentWeightedTMC_SMJ32,0.9822,0.052156469408224715,1.589327572000002,48.76109589600037,ok,
805222059,balanced_random_40_60_splits,512,30,10,0.0,0.3,0.8,33,50000,43830,22238720,0.8766,0.03,0.21888503799982573,VanillaGreedy,0.8792,0.21568627450980393,0.0,0.8857482809999055,ok,
805222059,balanced_random_40_60_splits,512,30,10,0.0,0.3,0.8,33,50000,43830,22238720,0.8766,0.03,0.21888503799982573,UPGMA,0.9924,0.3313725490196079,0.0,0.9458866120003222,ok,
805222059,balanced_random_40_60_splits,512,30,10,0.0,0.3,0.8,33,50000,43830,22238720,0.8766,0.03,0.21888503799982573,NeighborJoining,0.9692,0.35882352941176465,0.0,0.9691447129998778,ok,
805222060,balanced_random_40_60_splits,512,30,10,0.0,0.3,0.8,34,50000,42063,22238720,0.84126,0.03,0.18877902100030042,ConfidentWeightedTMC_SMJ32,0.9334,0.07214428857715427,1.2974485750000895,45.97448917199927,ok,
805222060,balanced_random_40_60_splits,512,30,10,0.0,0.3,0.8,34,50000,42063,22238720,0.84126,0.03,0.18877902100030042,VanillaGreedy,0.802,0.2512266928361139,0.0,1.1022330350006087,ok,
805222060,balanced_random_40_60_splits,512,30,10,0.0,0.3,0.8,34,50000,42063,22238720,0.84126,0.03,0.18877902100030042,UPGMA,0.994,0.4666666666666667,0.0,1.0364728439999453,ok,
805222060,balanced_random_40_60_splits,512,30,10,0.0,0.3,0.8,34,50000,42063,22238720,0.84126,0.03,0.18877902100030042,NeighborJoining,0.9902,0.48039215686274506,0.0,0.9593904820003445,ok,
805222061,balanced_random_40_60_splits,512,30,10,0.0,0.3,0.8,35,50000,43748,22238720,0.87496,0.03,0.16682723299982172,ConfidentWeightedTMC_SMJ32,0.9794,0.08617234468937873,1.2657016009998188,46.880063108000286,ok,
805222061,balanced_random_40_60_splits,512,30,10,0.0,0.3,0.8,35,50000,43748,22238720,0.87496,0.03,0.16682723299982172,VanillaGreedy,0.9454,0.20196078431372544,0.0,1.315694254999471,ok,
805222061,balanced_random_40_60_splits,512,30,10,0.0,0.3,0.8,35,50000,43748,22238720,0.87496,0.03,0.16682723299982172,UPGMA,0.9914,0.33725490196078434,0.0,1.6975944840005468,ok,
805222061,balanced_random_40_60_splits,512,30,10,0.0,0.3,0.8,35,50000,43748,22238720,0.87496,0.03,0.16682723299982172,NeighborJoining,0.9902,0.35686274509803917,0.0,1.1514566710002327,ok,
805222062,balanced_random_40_60_splits,512,30,10,0.0,0.3,0.8,36,50000,42601,22238720,0.85202,0.03,0.2197249600003488,ConfidentWeightedTMC_SMJ32,0.9238,0.07815631262525047,1.3677101359999142,49.25272460500037,ok,
805222062,balanced_random_40_60_splits,512,30,10,0.0,0.3,0.8,36,50000,42601,22238720,0.85202,0.03,0.2197249600003488,VanillaGreedy,0.9702,0.27952755905511806,0.0,0.8657862239997485,ok,
805222062,balanced_random_40_60_splits,512,30,10,0.0,0.3,0.8,36,50000,42601,22238720,0.85202,0.03,0.2197249600003488,UPGMA,0.9354,0.3803921568627451,0.0,0.8951906410002266,ok,
805222062,balanced_random_40_60_splits,512,30,10,0.0,0.3,0.8,36,50000,42601,22238720,0.85202,0.03,0.2197249600003488,NeighborJoining,0.9542,0.42352941176470593,0.0,1.388814960999298,ok,
805222063,balanced_random_40_60_splits,512,30,10,0.0,0.3,0.8,37,50000,42442,22238720,0.84884,0.03,0.1596829029995206,ConfidentWeightedTMC_SMJ32,0.965,0.08016032064128253,1.265276160999747,43.46816514799957,ok,
805222063,balanced_random_40_60_splits,512,30,10,0.0,0.3,0.8,37,50000,42442,22238720,0.84884,0.03,0.1596829029995206,VanillaGreedy,0.9308,0.22745098039215683,0.0,1.1499939530003758,ok,
805222063,balanced_random_40_60_splits,512,30,10,0.0,0.3,0.8,37,50000,42442,22238720,0.84884,0.03,0.1596829029995206,UPGMA,0.9944,0.4294117647058824,0.0,0.980300891999832,ok,
805222063,balanced_random_40_60_splits,512,30,10,0.0,0.3,0.8,37,50000,42442,22238720,0.84884,0.03,0.1596829029995206,NeighborJoining,0.853,0.4254901960784314,0.0,1.0446734059996743,ok,
805222064,balanced_random_40_60_splits,512,30,10,0.0,0.3,0.8,38,50000,42227,22238720,0.84454,0.03,0.20069164500000625,ConfidentWeightedTMC_SMJ32,0.9676,0.11422845691382766,1.2807195920004233,56.41898667100031,ok,
805222064,balanced_random_40_60_splits,512,30,10,0.0,0.3,0.8,38,50000,42227,22238720,0.84454,0.03,0.20069164500000625,VanillaGreedy,0.9408,0.2450980392156863,0.0,1.3121467470000425,ok,
805222064,balanced_random_40_60_splits,512,30,10,0.0,0.3,0.8,38,50000,42227,22238720,0.84454,0.03,0.20069164500000625,UPGMA,0.9864,0.3686274509803922,0.0,1.1075386709999293,ok,
805222064,balanced_random_40_60_splits,512,30,10,0.0,0.3,0.8,38,50000,42227,22238720,0.84454,0.03,0.20069164500000625,NeighborJoining,0.8074,0.4549019607843138,0.0,1.1469128199996703,ok,
805222065,balanced_random_40_60_splits,512,30,10,0.0,0.3,0.8,39,50000,43424,22238720,0.86848,0.03,0.2532789329998195,ConfidentWeightedTMC_SMJ32,0.9764,0.07815631262525047,1.5181880730006014,61.06838890800009,ok,
805222065,balanced_random_40_60_splits,512,30,10,0.0,0.3,0.8,39,50000,43424,22238720,0.86848,0.03,0.2532789329998195,VanillaGreedy,0.9378,0.2239685658153242,0.0,1.1787949580002532,ok,
805222065,balanced_random_40_60_splits,512,30,10,0.0,0.3,0.8,39,50000,43424,22238720,0.86848,0.03,0.2532789329998195,UPGMA,0.9802,0.403921568627451,0.0,1.4394298449997223,ok,
805222065,balanced_random_40_60_splits,512,30,10,0.0,0.3,0.8,39,50000,43424,22238720,0.86848,0.03,0.2532789329998195,NeighborJoining,0.964,0.38235294117647056,0.0,1.7869764739998573,ok,
805222066,balanced_random_40_60_splits,512,30,10,0.0,0.3,0.8,40,50000,44670,22238720,0.8934,0.03,0.2645087329992748,ConfidentWeightedTMC_SMJ32,0.9882,0.07622868605817457,1.8610758069999065,51.33275976499954,ok,
805222066,balanced_random_40_60_splits,512,30,10,0.0,0.3,0.8,40,50000,44670,22238720,0.8934,0.03,0.2645087329992748,VanillaGreedy,0.92,0.22418879056047203,0.0,0.857438344000002,ok,
805222066,balanced_random_40_60_splits,512,30,10,0.0,0.3,0.8,40,50000,44670,22238720,0.8934,0.03,0.2645087329992748,UPGMA,0.9986,0.388235294117647,0.0,0.8261382270002287,ok,
805222066,balanced_random_40_60_splits,512,30,10,0.0,0.3,0.8,40,50000,44670,22238720,0.8934,0.03,0.2645087329992748,NeighborJoining,0.9896,0.388235294117647,0.0,1.2066530560005049,ok,
805222067,balanced_random_40_60_splits,512,30,10,0.0,0.3,0.8,41,50000,42012,22238720,0.84024,0.03,0.18608712799959903,ConfidentWeightedTMC_SMJ32,0.9544,0.07815631262525047,1.2846554699999615,49.974278448000405,ok,
805222067,balanced_random_40_60_splits,512,30,10,0.0,0.3,0.8,41,50000,42012,22238720,0.84024,0.03,0.18608712799959903,VanillaGreedy,0.9362,0.21764705882352942,0.0,0.894388507000258,ok,
805222067,balanced_random_40_60_splits,512,30,10,0.0,0.3,0.8,41,50000,42012,22238720,0.84024,0.03,0.18608712799959903,UPGMA,0.8334,0.3784313725490196,0.0,0.8813418250001632,ok,
805222067,balanced_random_40_60_splits,512,30,10,0.0,0.3,0.8,41,50000,42012,22238720,0.84024,0.03,0.18608712799959903,NeighborJoining,0.7278,0.36078431372549025,0.0,1.043769734000307,ok,
805222068,balanced_random_40_60_splits,512,30,10,0.0,0.3,0.8,42,50000,42666,22238720,0.85332,0.03,0.20149147099982656,ConfidentWeightedTMC_SMJ32,0.9748,0.08433734939759041,1.5800547890003145,48.920750235000014,ok,
805222068,balanced_random_40_60_splits,512,30,10,0.0,0.3,0.8,42,50000,42666,22238720,0.85332,0.03,0.20149147099982656,VanillaGreedy,0.8828,0.22549019607843135,0.0,0.9067573470001662,ok,
805222068,balanced_random_40_60_splits,512,30,10,0.0,0.3,0.8,42,50000,42666,22238720,0.85332,0.03,0.20149147099982656,UPGMA,0.9856,0.39607843137254906,0.0,0.9727739169993583,ok,
805222068,balanced_random_40_60_splits,512,30,10,0.0,0.3,0.8,42,50000,42666,22238720,0.85332,0.03,0.20149147099982656,NeighborJoining,0.8124,0.3431372549019608,0.0,1.0961147959997106,ok,
805222069,balanced_random_40_60_splits,512,30,10,0.0,0.3,0.8,43,50000,42904,22238720,0.85808,0.03,0.1958184289997007,ConfidentWeightedTMC_SMJ32,0.981,0.062311557788944705,1.2946434519999457,49.828480203000254,ok,
805222069,balanced_random_40_60_splits,512,30,10,0.0,0.3,0.8,43,50000,42904,22238720,0.85808,0.03,0.1958184289997007,VanillaGreedy,0.9236,0.19469026548672563,0.0,0.8107901619996483,ok,
805222069,balanced_random_40_60_splits,512,30,10,0.0,0.3,0.8,43,50000,42904,22238720,0.85808,0.03,0.1958184289997007,UPGMA,0.9804,0.40588235294117647,0.0,1.212376432000383,ok,
805222069,balanced_random_40_60_splits,512,30,10,0.0,0.3,0.8,43,50000,42904,22238720,0.85808,0.03,0.1958184289997007,NeighborJoining,0.961,0.3921568627450981,0.0,1.1271808370001963,ok,
805222070,balanced_random_40_60_splits,512,30,10,0.0,0.3,0.8,44,50000,43564,22238720,0.87128,0.03,0.198468997999953,ConfidentWeightedTMC_SMJ32,0.9828,0.06419257773319964,1.2247055609996096,47.76791590299945,ok,
805222070,balanced_random_40_60_splits,512,30,10,0.0,0.3,0.8,44,50000,43564,22238720,0.87128,0.03,0.198468997999953,VanillaGreedy,0.968,0.2041216879293425,0.0,0.9704661649993795,ok,
805222070,balanced_random_40_60_splits,512,30,10,0.0,0.3,0.8,44,50000,43564,22238720,0.87128,0.03,0.198468997999953,UPGMA,0.9946,0.25098039215686274,0.0,0.9041189150002538,ok,
805222070,balanced_random_40_60_splits,512,30,10,0.0,0.3,0.8,44,50000,43564,22238720,0.87128,0.03,0.198468997999953,NeighborJoining,0.9424,0.27647058823529413,0.0,0.9701678399997036,ok,
805222071,balanced_random_40_60_splits,512,30,10,0.0,0.3,0.8,45,50000,43306,22238720,0.86612,0.03,0.19543894300022657,ConfidentWeightedTMC_SMJ32,0.9796,0.056168505516549616,1.3466950609999913,46.308712762999676,ok,
805222071,balanced_random_40_60_splits,512,30,10,0.0,0.3,0.8,45,50000,43306,22238720,0.86612,0.03,0.19543894300022657,VanillaGreedy,0.9112,0.20980392156862748,0.0,0.8478289759996187,ok,
805222071,balanced_random_40_60_splits,512,30,10,0.0,0.3,0.8,45,50000,43306,22238720,0.86612,0.03,0.19543894300022657,UPGMA,0.9946,0.3196078431372549,0.0,1.2979200500003572,ok,
805222071,balanced_random_40_60_splits,512,30,10,0.0,0.3,0.8,45,50000,43306,22238720,0.86612,0.03,0.19543894300022657,NeighborJoining,0.9572,0.3392156862745098,0.0,1.2797246430000087,ok,
805222072,balanced_random_40_60_splits,512,30,10,0.0,0.3,0.8,46,50000,44143,22238720,0.88286,0.03,0.20674054700066335,ConfidentWeightedTMC_SMJ32,0.9812,0.06613226452905807,1.2757399370002531,47.02304953800012,ok,
805222072,balanced_random_40_60_splits,512,30,10,0.0,0.3,0.8,46,50000,44143,22238720,0.88286,0.03,0.20674054700066335,VanillaGreedy,0.9342,0.1746810598626104,0.0,1.317040869000266,ok,
805222072,balanced_random_40_60_splits,512,30,10,0.0,0.3,0.8,46,50000,44143,22238720,0.88286,0.03,0.20674054700066335,UPGMA,0.9896,0.30980392156862746,0.0,1.1180018439999913,ok,
805222072,balanced_random_40_60_splits,512,30,10,0.0,0.3,0.8,46,50000,44143,22238720,0.88286,0.03,0.20674054700066335,NeighborJoining,0.9944,0.3392156862745098,0.0,0.9262273649992494,ok,
805222073,balanced_random_40_60_splits,512,30,10,0.0,0.3,0.8,47,50000,43254,22238720,0.86508,0.03,0.31847041199944215,ConfidentWeightedTMC_SMJ32,0.9652,0.05811623246492981,2.221336565000456,49.31701488700037,ok,
805222073,balanced_random_40_60_splits,512,30,10,0.0,0.3,0.8,47,50000,43254,22238720,0.86508,0.03,0.31847041199944215,VanillaGreedy,0.9574,0.19842829076620827,0.0,0.9396108750006533,ok,
805222073,balanced_random_40_60_splits,512,30,10,0.0,0.3,0.8,47,50000,43254,22238720,0.86508,0.03,0.31847041199944215,UPGMA,0.9834,0.38627450980392153,0.0,1.3373076629995921,ok,
805222073,balanced_random_40_60_splits,512,30,10,0.0,0.3,0.8,47,50000,43254,22238720,0.86508,0.03,0.31847041199944215,NeighborJoining,0.9882,0.35686274509803917,0.0,0.9743068309999217,ok,
805222074,balanced_random_40_60_splits,512,30,10,0.0,0.3,0.8,48,50000,43140,22238720,0.8628,0.03,0.17507833000036044,ConfidentWeightedTMC_SMJ32,0.987,0.08835341365461846,1.325759373999972,44.789146617999904,ok,
805222074,balanced_random_40_60_splits,512,30,10,0.0,0.3,0.8,48,50000,43140,22238720,0.8628,0.03,0.17507833000036044,VanillaGreedy,0.9242,0.20980392156862748,0.0,0.8618468690001464,ok,
805222074,balanced_random_40_60_splits,512,30,10,0.0,0.3,0.8,48,50000,43140,22238720,0.8628,0.03,0.17507833000036044,UPGMA,0.995,0.34705882352941175,0.0,0.9064933899999232,ok,
805222074,balanced_random_40_60_splits,512,30,10,0.0,0.3,0.8,48,50000,43140,22238720,0.8628,0.03,0.17507833000036044,NeighborJoining,0.8024,0.33529411764705885,0.0,0.9527054930003942,ok,
805222075,balanced_random_40_60_splits,512,30,10,0.0,0.3,0.8,49,50000,42777,22238720,0.85554,0.03,0.17584574700049416,ConfidentWeightedTMC_SMJ32,0.962,0.06606606606606602,1.3092332959995474,42.08381473699956,ok,
805222075,balanced_random_40_60_splits,512,30,10,0.0,0.3,0.8,49,50000,42777,22238720,0.85554,0.03,0.17584574700049416,VanillaGreedy,0.9154,0.21764705882352942,0.0,0.836540547000368,ok,
805222075,balanced_random_40_60_splits,512,30,10,0.0,0.3,0.8,49,50000,42777,22238720,0.85554,0.03,0.17584574700049416,UPGMA,0.9764,0.40784313725490196,0.0,0.9626917609994052,ok,
805222075,balanced_random_40_60_splits,512,30,10,0.0,0.3,0.8,49,50000,42777,22238720,0.85554,0.03,0.17584574700049416,NeighborJoining,0.9758,0.39607843137254906,0.0,0.9754167609999058,ok,
