repeat,seed,n_cells,n_sites,edit_states,missing_rate,algorithm,possible_triplets,inferred_triplets,triplet_coverage,triplet_accuracy,rf_similarity,triplet_inference_seconds,solve_seconds
0,6403005,64,20,3,0.0,FullTripletTMC_SMJ16,41664,37989,0.9117943548387096,0.9472,0.576271186440678,1.6154033010000148,10.155768409000018
0,6403005,64,20,3,0.0,VanillaGreedy,41664,37989,0.9117943548387096,0.8312,0.5040650406504066,0.0,0.03970300899999302
0,6403005,64,20,3,0.0,UPGMA,41664,37989,0.9117943548387096,0.9862,0.5806451612903225,0.0,2.0575434159999872
0,6403005,64,20,3,0.0,NeighborJoining,41664,37989,0.9117943548387096,0.981,0.6612903225806452,0.0,3.019402243000002
1,6403006,64,20,3,0.0,FullTripletTMC_SMJ16,41664,39449,0.9468365975422427,0.9316,0.7226890756302521,0.9706766559999664,5.136822805999998
1,6403006,64,20,3,0.0,VanillaGreedy,41664,39449,0.9468365975422427,0.9268,0.5,0.0,0.051391055999999935
1,6403006,64,20,3,0.0,UPGMA,41664,39449,0.9468365975422427,0.9818,0.7096774193548387,0.0,0.5222538869999767
1,6403006,64,20,3,0.0,NeighborJoining,41664,39449,0.9468365975422427,0.9834,0.6774193548387097,0.0,0.5040664520000178
2,6403007,64,20,3,0.0,FullTripletTMC_SMJ16,41664,39307,0.9434283794162827,0.9468,0.6779661016949152,1.0236200229999781,6.40835218899997
2,6403007,64,20,3,0.0,VanillaGreedy,41664,39307,0.9434283794162827,0.7484,0.3870967741935484,0.0,0.04908289000002242
2,6403007,64,20,3,0.0,UPGMA,41664,39307,0.9434283794162827,0.9536,0.6451612903225806,0.0,0.3811145280000119
2,6403007,64,20,3,0.0,NeighborJoining,41664,39307,0.9434283794162827,0.9438,0.7096774193548387,0.0,0.3686442669999792
3,6403008,64,20,3,0.0,FullTripletTMC_SMJ16,41664,36684,0.8804723502304147,0.956,0.8135593220338984,0.9989470399999618,6.25790733499997
3,6403008,64,20,3,0.0,VanillaGreedy,41664,36684,0.8804723502304147,0.5822,0.5967741935483871,0.0,0.040149014999997235
3,6403008,64,20,3,0.0,UPGMA,41664,36684,0.8804723502304147,0.7176,0.7903225806451613,0.0,0.3746692830000029
3,6403008,64,20,3,0.0,NeighborJoining,41664,36684,0.8804723502304147,0.7768,0.8225806451612903,0.0,0.4315297689999511
4,6403009,64,20,3,0.0,FullTripletTMC_SMJ16,41664,37236,0.893721198156682,0.8776,0.711864406779661,0.9295698290000018,6.273452169999985
4,6403009,64,20,3,0.0,VanillaGreedy,41664,37236,0.893721198156682,0.6832,0.5,0.0,0.06237020700001494
4,6403009,64,20,3,0.0,UPGMA,41664,37236,0.893721198156682,0.9286,0.7741935483870968,0.0,0.5177420350000261
4,6403009,64,20,3,0.0,NeighborJoining,41664,37236,0.893721198156682,0.9676,0.8225806451612903,0.0,0.5086549819999959
5,6403010,64,20,3,0.0,FullTripletTMC_SMJ16,41664,37012,0.8883448540706606,0.8736,0.711864406779661,1.112128800999983,6.4340576619999865
5,6403010,64,20,3,0.0,VanillaGreedy,41664,37012,0.8883448540706606,0.7578,0.4715447154471545,0.0,0.04275121700004547
5,6403010,64,20,3,0.0,UPGMA,41664,37012,0.8883448540706606,0.9248,0.7096774193548387,0.0,0.3994268999999804
5,6403010,64,20,3,0.0,NeighborJoining,41664,37012,0.8883448540706606,0.9468,0.6935483870967742,0.0,0.39305186399997183
6,6403011,64,20,3,0.0,FullTripletTMC_SMJ16,41664,37470,0.8993375576036866,0.9616,0.8717948717948718,0.9262060540000334,7.032371607000016
6,6403011,64,20,3,0.0,VanillaGreedy,41664,37470,0.8993375576036866,0.728,0.5,0.0,0.04975772799997458
6,6403011,64,20,3,0.0,UPGMA,41664,37470,0.8993375576036866,0.9926,0.8225806451612903,0.0,0.6236421610000207
6,6403011,64,20,3,0.0,NeighborJoining,41664,37470,0.8993375576036866,0.999,0.8870967741935484,0.0,0.4016556789999868
7,6403012,64,20,3,0.0,FullTripletTMC_SMJ16,41664,37340,0.8962173579109063,0.9542,0.6949152542372881,0.8842192429999614,6.306627597999977
7,6403012,64,20,3,0.0,VanillaGreedy,41664,37340,0.8962173579109063,0.871,0.4426229508196722,0.0,0.05034381000001531
7,6403012,64,20,3,0.0,UPGMA,41664,37340,0.8962173579109063,0.9946,0.7258064516129032,0.0,0.762409244999958
7,6403012,64,20,3,0.0,NeighborJoining,41664,37340,0.8962173579109063,0.835,0.7096774193548387,0.0,0.47485487900002
8,6403013,64,20,3,0.0,FullTripletTMC_SMJ16,41664,36747,0.8819844470046083,0.947,0.6949152542372881,1.0558583819999967,6.083609428999978
8,6403013,64,20,3,0.0,VanillaGreedy,41664,36747,0.8819844470046083,0.6366,0.5483870967741935,0.0,0.045760631999996804
8,6403013,64,20,3,0.0,UPGMA,41664,36747,0.8819844470046083,0.9916,0.6451612903225806,0.0,0.6291510579999908
8,6403013,64,20,3,0.0,NeighborJoining,41664,36747,0.8819844470046083,0.9942,0.8225806451612903,0.0,0.41890289500003064
9,6403014,64,20,3,0.0,FullTripletTMC_SMJ16,41664,38146,0.9155625960061444,0.9478,0.728813559322034,1.017146503000049,5.966131419000021
9,6403014,64,20,3,0.0,VanillaGreedy,41664,38146,0.9155625960061444,0.738,0.6016260162601625,0.0,0.03841275999997151
9,6403014,64,20,3,0.0,UPGMA,41664,38146,0.9155625960061444,0.9982,0.8225806451612903,0.0,0.6133293089999938
9,6403014,64,20,3,0.0,NeighborJoining,41664,38146,0.9155625960061444,0.8254,0.7258064516129032,0.0,0.38135421499998756
10,6403015,64,20,3,0.0,FullTripletTMC_SMJ16,41664,38955,0.9349798387096774,0.9484,0.5423728813559322,0.9801250599999776,6.132391238999958
10,6403015,64,20,3,0.0,VanillaGreedy,41664,38955,0.9349798387096774,0.7422,0.5161290322580645,0.0,0.04204342299999553
10,6403015,64,20,3,0.0,UPGMA,41664,38955,0.9349798387096774,0.9824,0.5161290322580645,0.0,0.7234335960000067
10,6403015,64,20,3,0.0,NeighborJoining,41664,38955,0.9349798387096774,0.9858,0.5967741935483871,0.0,0.4956146029999786
11,6403016,64,20,3,0.0,FullTripletTMC_SMJ16,41664,37646,0.9035618279569892,0.9096,0.7627118644067796,1.117383397000026,6.315778774000023
11,6403016,64,20,3,0.0,VanillaGreedy,41664,37646,0.9035618279569892,0.7578,0.4516129032258065,0.0,0.04178833800000348
11,6403016,64,20,3,0.0,UPGMA,41664,37646,0.9035618279569892,0.944,0.6774193548387097,0.0,0.6376676510000152
11,6403016,64,20,3,0.0,NeighborJoining,41664,37646,0.9035618279569892,0.9468,0.7580645161290323,0.0,0.397439984000016
12,6403017,64,20,3,0.0,FullTripletTMC_SMJ16,41664,36962,0.887144777265745,0.8384,0.6890756302521008,0.9654072740000288,5.157598213000028
12,6403017,64,20,3,0.0,VanillaGreedy,41664,36962,0.887144777265745,0.8684,0.5203252032520325,0.0,0.044915788999958295
12,6403017,64,20,3,0.0,UPGMA,41664,36962,0.887144777265745,0.9552,0.7580645161290323,0.0,0.3980088430000137
12,6403017,64,20,3,0.0,NeighborJoining,41664,36962,0.887144777265745,0.7966,0.7580645161290323,0.0,0.41017494999999826
13,6403018,64,20,3,0.0,FullTripletTMC_SMJ16,41664,37201,0.8928811443932412,0.9382,0.728813559322034,0.9593224390000046,6.324316339999996
13,6403018,64,20,3,0.0,VanillaGreedy,41664,37201,0.8928811443932412,0.7778,0.7049180327868853,0.0,0.04751410000000078
13,6403018,64,20,3,0.0,UPGMA,41664,37201,0.8928811443932412,0.9856,0.935483870967742,0.0,0.4131666170000017
13,6403018,64,20,3,0.0,NeighborJoining,41664,37201,0.8928811443932412,0.9686,0.7741935483870968,0.0,0.4176016419999655
14,6403019,64,20,3,0.0,FullTripletTMC_SMJ16,41664,36596,0.8783602150537635,0.8182,0.6779661016949152,1.1392061880000028,6.6760277010000095
14,6403019,64,20,3,0.0,VanillaGreedy,41664,36596,0.8783602150537635,0.67,0.5161290322580645,0.0,0.040843272000017805
14,6403019,64,20,3,0.0,UPGMA,41664,36596,0.8783602150537635,0.753,0.7258064516129032,0.0,0.3885135140000102
14,6403019,64,20,3,0.0,NeighborJoining,41664,36596,0.8783602150537635,0.7024,0.7419354838709677,0.0,0.42331333099997437
15,6403020,64,20,3,0.0,FullTripletTMC_SMJ16,41664,36507,0.8762240783410138,0.894,0.7796610169491526,0.9536420729999691,6.3647803929999895
15,6403020,64,20,3,0.0,VanillaGreedy,41664,36507,0.8762240783410138,0.6918,0.5,0.0,0.04273297999998249
15,6403020,64,20,3,0.0,UPGMA,41664,36507,0.8762240783410138,0.7892,0.8548387096774194,0.0,0.36534422699998004
15,6403020,64,20,3,0.0,NeighborJoining,41664,36507,0.8762240783410138,0.6912,0.7741935483870968,0.0,0.4132315130000279
16,6403021,64,20,3,0.0,FullTripletTMC_SMJ16,41664,38942,0.9346678187403994,0.9592,0.8205128205128205,0.9593364269999825,7.396714924999969
16,6403021,64,20,3,0.0,VanillaGreedy,41664,38942,0.9346678187403994,0.7816,0.3709677419354839,0.0,0.04138479700003472
16,6403021,64,20,3,0.0,UPGMA,41664,38942,0.9346678187403994,0.9746,0.7903225806451613,0.0,0.42587724200001276
16,6403021,64,20,3,0.0,NeighborJoining,41664,38942,0.9346678187403994,0.958,0.7903225806451613,0.0,0.6911791859999994
17,6403022,64,20,3,0.0,FullTripletTMC_SMJ16,41664,39027,0.9367079493087558,0.9242,0.7899159663865546,1.1997225849999609,5.591142070000046
17,6403022,64,20,3,0.0,VanillaGreedy,41664,39027,0.9367079493087558,0.9354,0.5040650406504066,0.0,0.044887232999997195
17,6403022,64,20,3,0.0,UPGMA,41664,39027,0.9367079493087558,0.9448,0.6451612903225806,0.0,0.3814354959999946
17,6403022,64,20,3,0.0,NeighborJoining,41664,39027,0.9367079493087558,0.963,0.6612903225806452,0.0,0.37359667900000204
18,6403023,64,20,3,0.0,FullTripletTMC_SMJ16,41664,37498,0.9000096006144394,0.8816,0.8235294117647058,0.978717458999995,5.255549131000009
18,6403023,64,20,3,0.0,VanillaGreedy,41664,37498,0.9000096006144394,0.5112,0.32258064516129037,0.0,0.045605230999967716
18,6403023,64,20,3,0.0,UPGMA,41664,37498,0.9000096006144394,0.978,0.7741935483870968,0.0,0.42730190899999343
18,6403023,64,20,3,0.0,NeighborJoining,41664,37498,0.9000096006144394,0.9936,0.8064516129032258,0.0,0.4170749009999781
19,6403024,64,20,3,0.0,FullTripletTMC_SMJ16,41664,37361,0.8967213901689708,0.9658,0.7863247863247863,0.9714937549999831,7.368054649999976
19,6403024,64,20,3,0.0,VanillaGreedy,41664,37361,0.8967213901689708,0.917,0.6451612903225806,0.0,0.038421303000063745
19,6403024,64,20,3,0.0,UPGMA,41664,37361,0.8967213901689708,0.8268,0.8064516129032258,0.0,0.4164323760001025
19,6403024,64,20,3,0.0,NeighborJoining,41664,37361,0.8967213901689708,0.965,0.8870967741935484,0.0,0.39347746099997494
20,6403025,64,20,3,0.0,FullTripletTMC_SMJ16,41664,38003,0.912130376344086,0.9424,0.847457627118644,0.8799482590000025,6.894837779999989
20,6403025,64,20,3,0.0,VanillaGreedy,41664,38003,0.912130376344086,0.7756,0.6016260162601625,0.0,0.04246698400004334
20,6403025,64,20,3,0.0,UPGMA,41664,38003,0.912130376344086,0.9944,0.7580645161290323,0.0,0.4818385969999781
20,6403025,64,20,3,0.0,NeighborJoining,41664,38003,0.912130376344086,0.9996,0.935483870967742,0.0,0.4148208720000639
21,6403026,64,20,3,0.0,FullTripletTMC_SMJ16,41664,37245,0.8939372119815668,0.8074,0.6890756302521008,1.0010304850000011,5.66142916900003
21,6403026,64,20,3,0.0,VanillaGreedy,41664,37245,0.8939372119815668,0.8066,0.4032258064516129,0.0,0.0403003850000232
21,6403026,64,20,3,0.0,UPGMA,41664,37245,0.8939372119815668,0.6404,0.6935483870967742,0.0,0.4464383210000733
21,6403026,64,20,3,0.0,NeighborJoining,41664,37245,0.8939372119815668,0.753,0.6935483870967742,0.0,0.37751882600002773
22,6403027,64,20,3,0.0,FullTripletTMC_SMJ16,41664,37200,0.8928571428571429,0.8026,0.6666666666666667,0.8792742980000412,7.401961281000013
22,6403027,64,20,3,0.0,VanillaGreedy,41664,37200,0.8928571428571429,0.7622,0.4838709677419355,0.0,0.058352475999981834
22,6403027,64,20,3,0.0,UPGMA,41664,37200,0.8928571428571429,0.7852,0.7419354838709677,0.0,0.42391990600003737
22,6403027,64,20,3,0.0,NeighborJoining,41664,37200,0.8928571428571429,0.682,0.7419354838709677,0.0,0.3814949449999858
23,6403028,64,20,3,0.0,FullTripletTMC_SMJ16,41664,37841,0.9082421274961597,0.9348,0.7457627118644068,1.0305821470000183,6.821409880000033
23,6403028,64,20,3,0.0,VanillaGreedy,41664,37841,0.9082421274961597,0.7234,0.5161290322580645,0.0,0.04680049400008102
23,6403028,64,20,3,0.0,UPGMA,41664,37841,0.9082421274961597,0.961,0.7258064516129032,0.0,0.39340384399997674
23,6403028,64,20,3,0.0,NeighborJoining,41664,37841,0.9082421274961597,0.9616,0.7419354838709677,0.0,0.38420715199993083
24,6403029,64,20,3,0.0,FullTripletTMC_SMJ16,41664,38065,0.9136184715821812,0.9406,0.8305084745762712,0.9354331859999547,6.456614982000019
24,6403029,64,20,3,0.0,VanillaGreedy,41664,38065,0.9136184715821812,0.6928,0.4715447154471545,0.0,0.04257851800002754
24,6403029,64,20,3,0.0,UPGMA,41664,38065,0.9136184715821812,0.9984,0.8225806451612903,0.0,0.37293018800005484
24,6403029,64,20,3,0.0,NeighborJoining,41664,38065,0.9136184715821812,0.7936,0.8064516129032258,0.0,0.3833173699999861
25,6403030,64,20,3,0.0,FullTripletTMC_SMJ16,41664,36443,0.874687980030722,0.9232,0.6218487394957983,0.9171917380000423,5.246189215000072
25,6403030,64,20,3,0.0,VanillaGreedy,41664,36443,0.874687980030722,0.7122,0.4516129032258065,0.0,0.04381208600000264
25,6403030,64,20,3,0.0,UPGMA,41664,36443,0.874687980030722,0.7266,0.5967741935483871,0.0,0.40604980000000523
25,6403030,64,20,3,0.0,NeighborJoining,41664,36443,0.874687980030722,0.9874,0.5967741935483871,0.0,0.4143490550000024
26,6403031,64,20,3,0.0,FullTripletTMC_SMJ16,41664,38487,0.9237471198156681,0.9228,0.7058823529411764,0.9333978440000692,5.7751605089999885
26,6403031,64,20,3,0.0,VanillaGreedy,41664,38487,0.9237471198156681,0.873,0.6290322580645161,0.0,0.04933907600002385
26,6403031,64,20,3,0.0,UPGMA,41664,38487,0.9237471198156681,0.7864,0.7258064516129032,0.0,0.6337085859998979
26,6403031,64,20,3,0.0,NeighborJoining,41664,38487,0.9237471198156681,0.7866,0.7741935483870968,0.0,0.3709251540000196
27,6403032,64,20,3,0.0,FullTripletTMC_SMJ16,41664,38339,0.9201948924731183,0.936,0.7966101694915254,0.8969055099998968,6.190835569000001
27,6403032,64,20,3,0.0,VanillaGreedy,41664,38339,0.9201948924731183,0.727,0.6774193548387097,0.0,0.0396574099999043
27,6403032,64,20,3,0.0,UPGMA,41664,38339,0.9201948924731183,0.992,0.7903225806451613,0.0,0.62718114900008
27,6403032,64,20,3,0.0,NeighborJoining,41664,38339,0.9201948924731183,0.984,0.7580645161290323,0.0,0.38329760599992824
28,6403033,64,20,3,0.0,FullTripletTMC_SMJ16,41664,37298,0.8952092933947773,0.9418,0.711864406779661,0.9427105999999412,6.119086863000007
28,6403033,64,20,3,0.0,VanillaGreedy,41664,37298,0.8952092933947773,0.7266,0.5967741935483871,0.0,0.04415974999994887
28,6403033,64,20,3,0.0,UPGMA,41664,37298,0.8952092933947773,0.9754,0.8709677419354839,0.0,0.5715168670000139
28,6403033,64,20,3,0.0,NeighborJoining,41664,37298,0.8952092933947773,0.9976,0.8709677419354839,0.0,0.4131912239998883
29,6403034,64,20,3,0.0,FullTripletTMC_SMJ16,41664,36993,0.8878888248847926,0.9382,0.7966101694915254,0.8957857519999379,6.782770065000022
29,6403034,64,20,3,0.0,VanillaGreedy,41664,36993,0.8878888248847926,0.7536,0.4715447154471545,0.0,0.05290702499996769
29,6403034,64,20,3,0.0,UPGMA,41664,36993,0.8878888248847926,0.9764,0.7419354838709677,0.0,0.5747858160000305
29,6403034,64,20,3,0.0,NeighborJoining,41664,36993,0.8878888248847926,0.9704,0.8225806451612903,0.0,0.42526650000002064
30,6403035,64,20,3,0.0,FullTripletTMC_SMJ16,41664,38522,0.924587173579109,0.9462,0.847457627118644,0.9111940129999994,6.542660498000032
30,6403035,64,20,3,0.0,VanillaGreedy,41664,38522,0.924587173579109,0.7386,0.564516129032258,0.0,0.049488483000004635
30,6403035,64,20,3,0.0,UPGMA,41664,38522,0.924587173579109,0.973,0.7903225806451613,0.0,0.785105810999994
30,6403035,64,20,3,0.0,NeighborJoining,41664,38522,0.924587173579109,0.7882,0.7741935483870968,0.0,0.4423026499999878
31,6403036,64,20,3,0.0,FullTripletTMC_SMJ16,41664,37039,0.8889928955453149,0.9232,0.6890756302521008,1.1300427630000058,6.124235687999999
31,6403036,64,20,3,0.0,VanillaGreedy,41664,37039,0.8889928955453149,0.7584,0.32258064516129037,0.0,0.037051885999972
31,6403036,64,20,3,0.0,UPGMA,41664,37039,0.8889928955453149,0.9334,0.5806451612903225,0.0,0.4519841940000333
31,6403036,64,20,3,0.0,NeighborJoining,41664,37039,0.8889928955453149,0.9246,0.5967741935483871,0.0,0.557078692999994
32,6403037,64,20,3,0.0,FullTripletTMC_SMJ16,41664,36736,0.8817204301075269,0.7732,0.6837606837606838,0.9241733020000993,7.502252913999996
32,6403037,64,20,3,0.0,VanillaGreedy,41664,36736,0.8817204301075269,0.5624,0.4838709677419355,0.0,0.04103772899998148
32,6403037,64,20,3,0.0,UPGMA,41664,36736,0.8817204301075269,0.6702,0.6612903225806452,0.0,0.5794854429999532
32,6403037,64,20,3,0.0,NeighborJoining,41664,36736,0.8817204301075269,0.8042,0.7903225806451613,0.0,0.38485934300001645
33,6403038,64,20,3,0.0,FullTripletTMC_SMJ16,41664,37427,0.8983054915514593,0.6506,0.7457627118644068,0.9186797959999922,5.821330131000082
33,6403038,64,20,3,0.0,VanillaGreedy,41664,37427,0.8983054915514593,0.717,0.5161290322580645,0.0,0.040300577000039084
33,6403038,64,20,3,0.0,UPGMA,41664,37427,0.8983054915514593,0.7802,0.7419354838709677,0.0,0.5993314650000912
33,6403038,64,20,3,0.0,NeighborJoining,41664,37427,0.8983054915514593,0.6944,0.8064516129032258,0.0,0.36744037599999047
34,6403039,64,20,3,0.0,FullTripletTMC_SMJ16,41664,35975,0.8634552611367128,0.728,0.7226890756302521,0.9056022449999546,4.871287442000039
34,6403039,64,20,3,0.0,VanillaGreedy,41664,35975,0.8634552611367128,0.6344,0.4354838709677419,0.0,0.0378615780000473
34,6403039,64,20,3,0.0,UPGMA,41664,35975,0.8634552611367128,0.6498,0.7903225806451613,0.0,0.36703238799998417
34,6403039,64,20,3,0.0,NeighborJoining,41664,35975,0.8634552611367128,0.7854,0.8225806451612903,0.0,0.6189025219999849
35,6403040,64,20,3,0.0,FullTripletTMC_SMJ16,41664,36414,0.873991935483871,0.879,0.8571428571428572,0.8578606960001025,5.340732352000032
35,6403040,64,20,3,0.0,VanillaGreedy,41664,36414,0.873991935483871,0.8058,0.532258064516129,0.0,0.04533323800001199
35,6403040,64,20,3,0.0,UPGMA,41664,36414,0.873991935483871,0.779,0.8225806451612903,0.0,0.38850706400000945
35,6403040,64,20,3,0.0,NeighborJoining,41664,36414,0.873991935483871,0.7774,0.8387096774193549,0.0,0.46334257199998774
36,6403041,64,20,3,0.0,FullTripletTMC_SMJ16,41664,37138,0.8913690476190477,0.9492,0.847457627118644,0.8757722320000312,5.971946595000077
36,6403041,64,20,3,0.0,VanillaGreedy,41664,37138,0.8913690476190477,0.6374,0.5528455284552846,0.0,0.03629771900000378
36,6403041,64,20,3,0.0,UPGMA,41664,37138,0.8913690476190477,0.7582,0.8548387096774194,0.0,0.37589342899991607
36,6403041,64,20,3,0.0,NeighborJoining,41664,37138,0.8913690476190477,0.7614,0.8709677419354839,0.0,0.3990204670000139
37,6403042,64,20,3,0.0,FullTripletTMC_SMJ16,41664,37498,0.9000096006144394,0.8578,0.6779661016949152,0.8792089239999541,5.99890806999997
37,6403042,64,20,3,0.0,VanillaGreedy,41664,37498,0.9000096006144394,0.8322,0.532258064516129,0.0,0.044438120999984676
37,6403042,64,20,3,0.0,UPGMA,41664,37498,0.9000096006144394,0.9538,0.6290322580645161,0.0,0.39637102500000765
37,6403042,64,20,3,0.0,NeighborJoining,41664,37498,0.9000096006144394,0.9958,0.8225806451612903,0.0,0.38341612700003225
38,6403043,64,20,3,0.0,FullTripletTMC_SMJ16,41664,36962,0.887144777265745,0.9242,0.6722689075630253,0.8991412390000733,5.3855594650000285
38,6403043,64,20,3,0.0,VanillaGreedy,41664,36962,0.887144777265745,0.8402,0.4838709677419355,0.0,0.04051119700000072
38,6403043,64,20,3,0.0,UPGMA,41664,36962,0.887144777265745,0.9674,0.564516129032258,0.0,0.4736849210000855
38,6403043,64,20,3,0.0,NeighborJoining,41664,36962,0.887144777265745,0.9896,0.6612903225806452,0.0,0.4023198830000183
39,6403044,64,20,3,0.0,FullTripletTMC_SMJ16,41664,38407,0.9218269969278033,0.9486,0.728813559322034,1.0087267600000587,5.848957462000044
39,6403044,64,20,3,0.0,VanillaGreedy,41664,38407,0.9218269969278033,0.721,0.564516129032258,0.0,0.04215560600005119
39,6403044,64,20,3,0.0,UPGMA,41664,38407,0.9218269969278033,0.99,0.8387096774193549,0.0,0.5659483650000539
39,6403044,64,20,3,0.0,NeighborJoining,41664,38407,0.9218269969278033,0.985,0.7258064516129032,0.0,0.4041241470000614
40,6403045,64,20,3,0.0,FullTripletTMC_SMJ16,41664,38894,0.9335157450076805,0.8926,0.7226890756302521,0.8990016889999879,5.052127359999986
40,6403045,64,20,3,0.0,VanillaGreedy,41664,38894,0.9335157450076805,0.7374,0.4715447154471545,0.0,0.04611710500000754
40,6403045,64,20,3,0.0,UPGMA,41664,38894,0.9335157450076805,0.992,0.7903225806451613,0.0,0.4027979580000647
40,6403045,64,20,3,0.0,NeighborJoining,41664,38894,0.9335157450076805,0.7994,0.7741935483870968,0.0,0.555837299000018
41,6403046,64,20,3,0.0,FullTripletTMC_SMJ16,41664,38366,0.9208429339477726,0.9376,0.8235294117647058,0.8684120919999714,4.971045709000009
41,6403046,64,20,3,0.0,VanillaGreedy,41664,38366,0.9208429339477726,0.7274,0.564516129032258,0.0,0.03835376199992879
41,6403046,64,20,3,0.0,UPGMA,41664,38366,0.9208429339477726,0.996,0.7903225806451613,0.0,0.3873970319999671
41,6403046,64,20,3,0.0,NeighborJoining,41664,38366,0.9208429339477726,0.9708,0.8064516129032258,0.0,0.4373055019999583
42,6403047,64,20,3,0.0,FullTripletTMC_SMJ16,41664,37179,0.8923531105990783,0.9006,0.6440677966101696,1.0398819239999284,6.078619861999982
42,6403047,64,20,3,0.0,VanillaGreedy,41664,37179,0.8923531105990783,0.7116,0.4032258064516129,0.0,0.0399879519999331
42,6403047,64,20,3,0.0,UPGMA,41664,37179,0.8923531105990783,0.9616,0.5806451612903225,0.0,0.3600897469999609
42,6403047,64,20,3,0.0,NeighborJoining,41664,37179,0.8923531105990783,0.9186,0.6774193548387097,0.0,0.38924891800002115
43,6403048,64,20,3,0.0,FullTripletTMC_SMJ16,41664,35602,0.854502688172043,0.904,0.7226890756302521,0.8846790930000452,5.094592653000063
43,6403048,64,20,3,0.0,VanillaGreedy,41664,35602,0.854502688172043,0.6556,0.4838709677419355,0.0,0.04219119599997612
43,6403048,64,20,3,0.0,UPGMA,41664,35602,0.854502688172043,0.6374,0.6451612903225806,0.0,0.3580993609999723
43,6403048,64,20,3,0.0,NeighborJoining,41664,35602,0.854502688172043,0.608,0.7096774193548387,0.0,0.3721950009999091
44,6403049,64,20,3,0.0,FullTripletTMC_SMJ16,41664,36338,0.8721678187403994,0.9294,0.8403361344537815,0.8808516940000573,4.959518941000056
44,6403049,64,20,3,0.0,VanillaGreedy,41664,36338,0.8721678187403994,0.5822,0.5806451612903225,0.0,0.04218677899996237
44,6403049,64,20,3,0.0,UPGMA,41664,36338,0.8721678187403994,0.9704,0.7741935483870968,0.0,0.3721766059999254
44,6403049,64,20,3,0.0,NeighborJoining,41664,36338,0.8721678187403994,0.9994,0.9516129032258065,0.0,0.5695696599999565
45,6403050,64,20,3,0.0,FullTripletTMC_SMJ16,41664,37139,0.891393049155146,0.888,0.773109243697479,0.9087776240000949,5.518522943999983
45,6403050,64,20,3,0.0,VanillaGreedy,41664,37139,0.891393049155146,0.853,0.6290322580645161,0.0,0.04097462299989729
45,6403050,64,20,3,0.0,UPGMA,41664,37139,0.891393049155146,0.952,0.8064516129032258,0.0,0.38698597399991286
45,6403050,64,20,3,0.0,NeighborJoining,41664,37139,0.891393049155146,0.963,0.8548387096774194,0.0,0.3766983830000754
46,6403051,64,20,3,0.0,FullTripletTMC_SMJ16,41664,37938,0.9105702764976958,0.8012,0.6779661016949152,0.8859814559999677,6.081970296000009
46,6403051,64,20,3,0.0,VanillaGreedy,41664,37938,0.9105702764976958,0.705,0.6290322580645161,0.0,0.040856543000018064
46,6403051,64,20,3,0.0,UPGMA,41664,37938,0.9105702764976958,0.9948,0.7096774193548387,0.0,0.41491944099993816
46,6403051,64,20,3,0.0,NeighborJoining,41664,37938,0.9105702764976958,0.9846,0.7741935483870968,0.0,0.3504079479999973
47,6403052,64,20,3,0.0,FullTripletTMC_SMJ16,41664,39347,0.944388440860215,0.9232,0.8571428571428572,0.8739697639999804,5.2031353410000065
47,6403052,64,20,3,0.0,VanillaGreedy,41664,39347,0.944388440860215,0.7184,0.5806451612903225,0.0,0.03816296499996952
47,6403052,64,20,3,0.0,UPGMA,41664,39347,0.944388440860215,0.9994,0.8709677419354839,0.0,0.4486208700000134
47,6403052,64,20,3,0.0,NeighborJoining,41664,39347,0.944388440860215,0.942,0.8064516129032258,0.0,0.39000803799990535
48,6403053,64,20,3,0.0,FullTripletTMC_SMJ16,41664,37874,0.909034178187404,0.9154,0.711864406779661,0.9333883970000443,6.459174075999954
48,6403053,64,20,3,0.0,VanillaGreedy,41664,37874,0.909034178187404,0.6592,0.5483870967741935,0.0,0.0366172970000207
48,6403053,64,20,3,0.0,UPGMA,41664,37874,0.909034178187404,0.9936,0.7741935483870968,0.0,0.4017060280000351
48,6403053,64,20,3,0.0,NeighborJoining,41664,37874,0.909034178187404,0.9942,0.7580645161290323,0.0,0.425400298999989
49,6403054,64,20,3,0.0,FullTripletTMC_SMJ16,41664,37069,0.8897129416282642,0.8926,0.773109243697479,0.9118557389999751,4.888519903999963
49,6403054,64,20,3,0.0,VanillaGreedy,41664,37069,0.8897129416282642,0.7378,0.4354838709677419,0.0,0.040088200000013785
49,6403054,64,20,3,0.0,UPGMA,41664,37069,0.8897129416282642,0.9502,0.6451612903225806,0.0,0.5148113620000458
49,6403054,64,20,3,0.0,NeighborJoining,41664,37069,0.8897129416282642,0.903,0.6290322580645161,0.0,0.37757324800008973
0,6403305,64,20,3,0.3,FullTripletTMC_SMJ16,41664,37688,0.9045698924731183,0.9232,0.27118644067796616,0.92065527200009,5.580369367999992
0,6403305,64,20,3,0.3,VanillaGreedy,41664,37688,0.9045698924731183,0.7696,0.24193548387096775,0.0,0.057258850000039274
0,6403305,64,20,3,0.3,UPGMA,41664,37688,0.9045698924731183,0.9438,0.5483870967741935,0.0,0.5561405480000303
0,6403305,64,20,3,0.3,NeighborJoining,41664,37688,0.9045698924731183,0.7834,0.5161290322580645,0.0,0.3555906749999167
1,6403306,64,20,3,0.3,FullTripletTMC_SMJ16,41664,38261,0.9183227726574501,0.968,0.18644067796610164,0.9202274499999703,6.205307877999985
1,6403306,64,20,3,0.3,VanillaGreedy,41664,38261,0.9183227726574501,0.8194,0.29508196721311475,0.0,0.05487095800003772
1,6403306,64,20,3,0.3,UPGMA,41664,38261,0.9183227726574501,0.928,0.5161290322580645,0.0,0.4619870820000642
1,6403306,64,20,3,0.3,NeighborJoining,41664,38261,0.9183227726574501,0.9868,0.5483870967741935,0.0,0.3587992760000134
2,6403307,64,20,3,0.3,FullTripletTMC_SMJ16,41664,37109,0.8906730030721967,0.9198,0.3220338983050848,0.9317417040000464,5.984199111000066
2,6403307,64,20,3,0.3,VanillaGreedy,41664,37109,0.8906730030721967,0.7176,0.27419354838709675,0.0,0.0560118789999251
2,6403307,64,20,3,0.3,UPGMA,41664,37109,0.8906730030721967,0.9362,0.3870967741935484,0.0,0.38625831799993193
2,6403307,64,20,3,0.3,NeighborJoining,41664,37109,0.8906730030721967,0.5802,0.5161290322580645,0.0,0.7166907650000667
3,6403308,64,20,3,0.3,FullTripletTMC_SMJ16,41664,37071,0.8897609447004609,0.8906,0.15254237288135597,1.0475336990000415,5.9454566539999405
3,6403308,64,20,3,0.3,VanillaGreedy,41664,37071,0.8897609447004609,0.8674,0.27419354838709675,0.0,0.05088609100005215
3,6403308,64,20,3,0.3,UPGMA,41664,37071,0.8897609447004609,0.9324,0.4354838709677419,0.0,0.389023773999952
3,6403308,64,20,3,0.3,NeighborJoining,41664,37071,0.8897609447004609,0.7634,0.5806451612903225,0.0,0.5571383479999668
4,6403309,64,20,3,0.3,FullTripletTMC_SMJ16,41664,37386,0.8973214285714286,0.898,0.2184873949579832,0.918354690000001,5.197356183000011
4,6403309,64,20,3,0.3,VanillaGreedy,41664,37386,0.8973214285714286,0.7554,0.2764227642276422,0.0,0.05865538099999412
4,6403309,64,20,3,0.3,UPGMA,41664,37386,0.8973214285714286,0.9018,0.3548387096774194,0.0,0.40953037299993866
4,6403309,64,20,3,0.3,NeighborJoining,41664,37386,0.8973214285714286,0.7664,0.32258064516129037,0.0,0.4058023149999599
5,6403310,64,20,3,0.3,FullTripletTMC_SMJ16,41664,37330,0.8959773425499232,0.9468,0.25210084033613445,0.9908439090000911,4.983511489999955
5,6403310,64,20,3,0.3,VanillaGreedy,41664,37330,0.8959773425499232,0.8168,0.22580645161290325,0.0,0.05155125900000712
5,6403310,64,20,3,0.3,UPGMA,41664,37330,0.8959773425499232,0.9542,0.4193548387096774,0.0,0.394581033999998
5,6403310,64,20,3,0.3,NeighborJoining,41664,37330,0.8959773425499232,0.9142,0.3709677419354839,0.0,0.39856320100000175
6,6403311,64,20,3,0.3,FullTripletTMC_SMJ16,41664,38118,0.9148905529953917,0.9432,0.288135593220339,0.9945490909999535,5.7484922339999684
6,6403311,64,20,3,0.3,VanillaGreedy,41664,38118,0.9148905529953917,0.9114,0.24390243902439024,0.0,0.04712071400001605
6,6403311,64,20,3,0.3,UPGMA,41664,38118,0.9148905529953917,0.9298,0.4516129032258065,0.0,0.5447215670000105
6,6403311,64,20,3,0.3,NeighborJoining,41664,38118,0.9148905529953917,0.9252,0.4838709677419355,0.0,0.4063279499999908
7,6403312,64,20,3,0.3,FullTripletTMC_SMJ16,41664,37338,0.8961693548387096,0.945,0.2184873949579832,0.9108271719999266,4.848645640999962
7,6403312,64,20,3,0.3,VanillaGreedy,41664,37338,0.8961693548387096,0.8836,0.24193548387096775,0.0,0.052366926999980024
7,6403312,64,20,3,0.3,UPGMA,41664,37338,0.8961693548387096,0.93,0.4354838709677419,0.0,0.49384222699995917
7,6403312,64,20,3,0.3,NeighborJoining,41664,37338,0.8961693548387096,0.944,0.3870967741935484,0.0,0.4557378729999755
8,6403313,64,20,3,0.3,FullTripletTMC_SMJ16,41664,37643,0.9034898233486943,0.7784,0.27118644067796616,1.0112364289999505,6.16162625700008
8,6403313,64,20,3,0.3,VanillaGreedy,41664,37643,0.9034898233486943,0.5342,0.27419354838709675,0.0,0.04973179999990407
8,6403313,64,20,3,0.3,UPGMA,41664,37643,0.9034898233486943,0.7026,0.4193548387096774,0.0,0.34744473899991135
8,6403313,64,20,3,0.3,NeighborJoining,41664,37643,0.9034898233486943,0.7732,0.4838709677419355,0.0,0.3691105470001048
9,6403314,64,20,3,0.3,FullTripletTMC_SMJ16,41664,37230,0.8935771889400922,0.9212,0.1709401709401709,1.1014887559999806,6.89537921200008
9,6403314,64,20,3,0.3,VanillaGreedy,41664,37230,0.8935771889400922,0.8238,0.17886178861788615,0.0,0.0555403529999694
9,6403314,64,20,3,0.3,UPGMA,41664,37230,0.8935771889400922,0.7586,0.27419354838709675,0.0,0.6141997219999666
9,6403314,64,20,3,0.3,NeighborJoining,41664,37230,0.8935771889400922,0.6574,0.29032258064516125,0.0,0.37997449299996333
10,6403315,64,20,3,0.3,FullTripletTMC_SMJ16,41664,37237,0.8937451996927803,0.9068,0.27118644067796616,0.8968231640000113,5.854394812999999
10,6403315,64,20,3,0.3,VanillaGreedy,41664,37237,0.8937451996927803,0.8158,0.16129032258064513,0.0,0.06315148700002737
10,6403315,64,20,3,0.3,UPGMA,41664,37237,0.8937451996927803,0.9232,0.3870967741935484,0.0,0.4332775179999544
10,6403315,64,20,3,0.3,NeighborJoining,41664,37237,0.8937451996927803,0.9252,0.4516129032258065,0.0,0.6004882689999249
11,6403316,64,20,3,0.3,FullTripletTMC_SMJ16,41664,37033,0.888848886328725,0.9618,0.3697478991596639,0.9912662959999352,4.963819440000066
11,6403316,64,20,3,0.3,VanillaGreedy,41664,37033,0.888848886328725,0.628,0.22580645161290325,0.0,0.056077669000046626
11,6403316,64,20,3,0.3,UPGMA,41664,37033,0.888848886328725,0.9206,0.3548387096774194,0.0,0.39068785199992817
11,6403316,64,20,3,0.3,NeighborJoining,41664,37033,0.888848886328725,0.8566,0.3870967741935484,0.0,0.4125884779999751
12,6403317,64,20,3,0.3,FullTripletTMC_SMJ16,41664,37239,0.893793202764977,0.764,0.1367521367521367,0.8847447239999155,7.1221155139999155
12,6403317,64,20,3,0.3,VanillaGreedy,41664,37239,0.893793202764977,0.7488,0.19354838709677424,0.0,0.05608115099994393
12,6403317,64,20,3,0.3,UPGMA,41664,37239,0.893793202764977,0.863,0.3870967741935484,0.0,0.38758992699990813
12,6403317,64,20,3,0.3,NeighborJoining,41664,37239,0.893793202764977,0.7452,0.3870967741935484,0.0,0.6140957889999754
13,6403318,64,20,3,0.3,FullTripletTMC_SMJ16,41664,37252,0.894105222734255,0.9572,0.23529411764705888,0.8930009449999261,4.952148149999971
13,6403318,64,20,3,0.3,VanillaGreedy,41664,37252,0.894105222734255,0.7596,0.32258064516129037,0.0,0.043484627999987424
13,6403318,64,20,3,0.3,UPGMA,41664,37252,0.894105222734255,0.9948,0.5483870967741935,0.0,0.4321322289999898
13,6403318,64,20,3,0.3,NeighborJoining,41664,37252,0.894105222734255,0.9912,0.5483870967741935,0.0,0.4598952979999922
14,6403319,64,20,3,0.3,FullTripletTMC_SMJ16,41664,37004,0.888152841781874,0.9632,0.288135593220339,1.0354750650000142,6.213998628000013
14,6403319,64,20,3,0.3,VanillaGreedy,41664,37004,0.888152841781874,0.6682,0.17741935483870963,0.0,0.05458170199995038
14,6403319,64,20,3,0.3,UPGMA,41664,37004,0.888152841781874,0.8052,0.5806451612903225,0.0,0.35929799699999876
14,6403319,64,20,3,0.3,NeighborJoining,41664,37004,0.888152841781874,0.7062,0.5161290322580645,0.0,0.40940791200000604
15,6403320,64,20,3,0.3,FullTripletTMC_SMJ16,41664,36650,0.8796562980030722,0.4412,0.2033898305084746,0.8968469799999639,6.14346909599999
15,6403320,64,20,3,0.3,VanillaGreedy,41664,36650,0.8796562980030722,0.574,0.20967741935483875,0.0,0.04819510300001184
15,6403320,64,20,3,0.3,UPGMA,41664,36650,0.8796562980030722,0.7056,0.4032258064516129,0.0,0.3757266629999094
15,6403320,64,20,3,0.3,NeighborJoining,41664,36650,0.8796562980030722,0.6654,0.3870967741935484,0.0,0.4382307939999919
16,6403321,64,20,3,0.3,FullTripletTMC_SMJ16,41664,37076,0.8898809523809523,0.6154,0.18487394957983194,0.8813402609999912,4.83151442399992
16,6403321,64,20,3,0.3,VanillaGreedy,41664,37076,0.8898809523809523,0.6816,0.14634146341463417,0.0,0.05040760500003216
16,6403321,64,20,3,0.3,UPGMA,41664,37076,0.8898809523809523,0.7582,0.532258064516129,0.0,0.532876263999924
16,6403321,64,20,3,0.3,NeighborJoining,41664,37076,0.8898809523809523,0.7652,0.4354838709677419,0.0,0.38751816000001327
17,6403322,64,20,3,0.3,FullTripletTMC_SMJ16,41664,37296,0.8951612903225806,0.8896,0.2016806722689075,1.036861253999973,5.252679476000026
17,6403322,64,20,3,0.3,VanillaGreedy,41664,37296,0.8951612903225806,0.8784,0.4032258064516129,0.0,0.05343728000002557
17,6403322,64,20,3,0.3,UPGMA,41664,37296,0.8951612903225806,0.9646,0.5161290322580645,0.0,0.3663372179998987
17,6403322,64,20,3,0.3,NeighborJoining,41664,37296,0.8951612903225806,0.7856,0.467741935483871,0.0,0.36029207000001406
18,6403323,64,20,3,0.3,FullTripletTMC_SMJ16,41664,38563,0.9255712365591398,0.9216,0.30508474576271183,0.9014697179999303,5.8177346659999785
18,6403323,64,20,3,0.3,VanillaGreedy,41664,38563,0.9255712365591398,0.7204,0.3548387096774194,0.0,0.04545240799996009
18,6403323,64,20,3,0.3,UPGMA,41664,38563,0.9255712365591398,0.956,0.532258064516129,0.0,0.37566486299999724
18,6403323,64,20,3,0.3,NeighborJoining,41664,38563,0.9255712365591398,0.949,0.5161290322580645,0.0,0.4010936720000018
19,6403324,64,20,3,0.3,FullTripletTMC_SMJ16,41664,38375,0.9210589477726574,0.9178,0.26890756302521013,0.943546475000062,5.205212787999926
19,6403324,64,20,3,0.3,VanillaGreedy,41664,38375,0.9210589477726574,0.8882,0.532258064516129,0.0,0.04825514200001635
19,6403324,64,20,3,0.3,UPGMA,41664,38375,0.9210589477726574,0.9388,0.5161290322580645,0.0,0.3609196439999778
19,6403324,64,20,3,0.3,NeighborJoining,41664,38375,0.9210589477726574,0.9304,0.467741935483871,0.0,0.4188310920000049
20,6403325,64,20,3,0.3,FullTripletTMC_SMJ16,41664,37775,0.9066580261136713,0.94,0.1694915254237288,0.8994223220000777,6.618505574999972
20,6403325,64,20,3,0.3,VanillaGreedy,41664,37775,0.9066580261136713,0.6508,0.14516129032258063,0.0,0.05196145399997931
20,6403325,64,20,3,0.3,UPGMA,41664,37775,0.9066580261136713,0.966,0.32258064516129037,0.0,0.36037823100002697
20,6403325,64,20,3,0.3,NeighborJoining,41664,37775,0.9066580261136713,0.9452,0.27419354838709675,0.0,0.42690425800003595
21,6403326,64,20,3,0.3,FullTripletTMC_SMJ16,41664,38096,0.9143625192012289,0.938,0.1694915254237288,0.92154364299995,6.113997761000064
21,6403326,64,20,3,0.3,VanillaGreedy,41664,38096,0.9143625192012289,0.6598,0.16393442622950816,0.0,0.04584493499999098
21,6403326,64,20,3,0.3,UPGMA,41664,38096,0.9143625192012289,0.9802,0.5483870967741935,0.0,0.40615579900008925
21,6403326,64,20,3,0.3,NeighborJoining,41664,38096,0.9143625192012289,0.9746,0.4838709677419355,0.0,0.3770879109999896
22,6403327,64,20,3,0.3,FullTripletTMC_SMJ16,41664,37643,0.9034898233486943,0.6988,0.2033898305084746,0.9400332849999131,5.9249801230000685
22,6403327,64,20,3,0.3,VanillaGreedy,41664,37643,0.9034898233486943,0.7386,0.30645161290322576,0.0,0.048765683000056015
22,6403327,64,20,3,0.3,UPGMA,41664,37643,0.9034898233486943,0.633,0.3548387096774194,0.0,0.35741382499998053
22,6403327,64,20,3,0.3,NeighborJoining,41664,37643,0.9034898233486943,0.6776,0.4032258064516129,0.0,0.41788062400007675
23,6403328,64,20,3,0.3,FullTripletTMC_SMJ16,41664,37383,0.8972494239631337,0.9268,0.1694915254237288,0.9154187110000294,6.70252602000005
23,6403328,64,20,3,0.3,VanillaGreedy,41664,37383,0.8972494239631337,0.5986,0.3089430894308943,0.0,0.053791986000078396
23,6403328,64,20,3,0.3,UPGMA,41664,37383,0.8972494239631337,0.796,0.4838709677419355,0.0,0.3731276459999435
23,6403328,64,20,3,0.3,NeighborJoining,41664,37383,0.8972494239631337,0.6764,0.4193548387096774,0.0,0.3891556120000814
24,6403329,64,20,3,0.3,FullTripletTMC_SMJ16,41664,37888,0.9093701996927803,0.9454,0.23728813559322037,0.9706870689999505,5.894073827999932
24,6403329,64,20,3,0.3,VanillaGreedy,41664,37888,0.9093701996927803,0.7428,0.29032258064516125,0.0,0.06116956500000015
24,6403329,64,20,3,0.3,UPGMA,41664,37888,0.9093701996927803,0.9566,0.4032258064516129,0.0,0.5613461130000132
24,6403329,64,20,3,0.3,NeighborJoining,41664,37888,0.9093701996927803,0.9668,0.3870967741935484,0.0,0.39943073300003107
25,6403330,64,20,3,0.3,FullTripletTMC_SMJ16,41664,37079,0.8899529569892473,0.5334,0.2016806722689075,0.9301402039999402,5.00508353500004
25,6403330,64,20,3,0.3,VanillaGreedy,41664,37079,0.8899529569892473,0.578,0.17886178861788615,0.0,0.04714155600004233
25,6403330,64,20,3,0.3,UPGMA,41664,37079,0.8899529569892473,0.6126,0.30645161290322576,0.0,0.33630479699991156
25,6403330,64,20,3,0.3,NeighborJoining,41664,37079,0.8899529569892473,0.4932,0.32258064516129037,0.0,0.5622224300000198
26,6403331,64,20,3,0.3,FullTripletTMC_SMJ16,41664,37884,0.9092741935483871,0.9534,0.2542372881355932,0.9270120620000171,6.280103231999988
26,6403331,64,20,3,0.3,VanillaGreedy,41664,37884,0.9092741935483871,0.794,0.27419354838709675,0.0,0.0528743919999215
26,6403331,64,20,3,0.3,UPGMA,41664,37884,0.9092741935483871,0.8804,0.4516129032258065,0.0,0.36040652099995896
26,6403331,64,20,3,0.3,NeighborJoining,41664,37884,0.9092741935483871,0.9518,0.467741935483871,0.0,0.41381272200010244
27,6403332,64,20,3,0.3,FullTripletTMC_SMJ16,41664,37384,0.897273425499232,0.7104,0.10084033613445376,1.1155580089998693,4.841837723000026
27,6403332,64,20,3,0.3,VanillaGreedy,41664,37384,0.897273425499232,0.715,0.33870967741935487,0.0,0.05551943599994047
27,6403332,64,20,3,0.3,UPGMA,41664,37384,0.897273425499232,0.7512,0.4516129032258065,0.0,0.4488646259999314
27,6403332,64,20,3,0.3,NeighborJoining,41664,37384,0.897273425499232,0.6166,0.3870967741935484,0.0,0.3689619000001585
28,6403333,64,20,3,0.3,FullTripletTMC_SMJ16,41664,37996,0.9119623655913979,0.9244,0.1694915254237288,0.9224216039999646,6.227741057000003
28,6403333,64,20,3,0.3,VanillaGreedy,41664,37996,0.9119623655913979,0.7856,0.20967741935483875,0.0,0.046146912000040174
28,6403333,64,20,3,0.3,UPGMA,41664,37996,0.9119623655913979,0.942,0.3548387096774194,0.0,0.3782695550000881
28,6403333,64,20,3,0.3,NeighborJoining,41664,37996,0.9119623655913979,0.9366,0.467741935483871,0.0,0.35338021799998387
29,6403334,64,20,3,0.3,FullTripletTMC_SMJ16,41664,36606,0.8786002304147466,0.8582,0.23728813559322037,0.9353887999998278,6.44144788299991
29,6403334,64,20,3,0.3,VanillaGreedy,41664,36606,0.8786002304147466,0.7298,0.16260162601626016,0.0,0.06813635100002102
29,6403334,64,20,3,0.3,UPGMA,41664,36606,0.8786002304147466,0.6548,0.4354838709677419,0.0,0.43601693999994495
29,6403334,64,20,3,0.3,NeighborJoining,41664,36606,0.8786002304147466,0.495,0.3548387096774194,0.0,0.4110957560001225
30,6403335,64,20,3,0.3,FullTripletTMC_SMJ16,41664,37839,0.9081941244239631,0.952,0.27118644067796616,0.9221420090000265,6.028365419000011
30,6403335,64,20,3,0.3,VanillaGreedy,41664,37839,0.9081941244239631,0.7886,0.32258064516129037,0.0,0.049100980000048366
30,6403335,64,20,3,0.3,UPGMA,41664,37839,0.9081941244239631,0.986,0.4354838709677419,0.0,0.4110876830000052
30,6403335,64,20,3,0.3,NeighborJoining,41664,37839,0.9081941244239631,0.9692,0.4516129032258065,0.0,0.36570750800001406
31,6403336,64,20,3,0.3,FullTripletTMC_SMJ16,41664,38384,0.9212749615975423,0.9482,0.18644067796610164,0.9109565670000848,6.139755196999886
31,6403336,64,20,3,0.3,VanillaGreedy,41664,38384,0.9212749615975423,0.8142,0.24390243902439024,0.0,0.04382977699992807
31,6403336,64,20,3,0.3,UPGMA,41664,38384,0.9212749615975423,0.9544,0.4193548387096774,0.0,0.388013366999985
31,6403336,64,20,3,0.3,NeighborJoining,41664,38384,0.9212749615975423,0.9516,0.3548387096774194,0.0,0.374275377999993
32,6403337,64,20,3,0.3,FullTripletTMC_SMJ16,41664,36613,0.8787682411674347,0.926,0.22033898305084743,0.9687558420000641,6.2024533660001
32,6403337,64,20,3,0.3,VanillaGreedy,41664,36613,0.8787682411674347,0.5164,0.24193548387096775,0.0,0.05657725700007177
32,6403337,64,20,3,0.3,UPGMA,41664,36613,0.8787682411674347,0.8462,0.5483870967741935,0.0,0.6635435719999805
32,6403337,64,20,3,0.3,NeighborJoining,41664,36613,0.8787682411674347,0.6548,0.467741935483871,0.0,0.3989149300000463
33,6403338,64,20,3,0.3,FullTripletTMC_SMJ16,41664,37298,0.8952092933947773,0.9138,0.3025210084033614,1.0040742910000517,4.88012047899997
33,6403338,64,20,3,0.3,VanillaGreedy,41664,37298,0.8952092933947773,0.673,0.13008130081300817,0.0,0.05721259100005227
33,6403338,64,20,3,0.3,UPGMA,41664,37298,0.8952092933947773,0.9908,0.5161290322580645,0.0,0.3835995350000303
33,6403338,64,20,3,0.3,NeighborJoining,41664,37298,0.8952092933947773,0.7516,0.33870967741935487,0.0,0.3681324740000491
34,6403339,64,20,3,0.3,FullTripletTMC_SMJ16,41664,36955,0.8869767665130568,0.936,0.2542372881355932,0.9490992389999064,5.9604877499998565
34,6403339,64,20,3,0.3,VanillaGreedy,41664,36955,0.8869767665130568,0.87,0.14516129032258063,0.0,0.059524897000073906
34,6403339,64,20,3,0.3,UPGMA,41664,36955,0.8869767665130568,0.9838,0.6129032258064516,0.0,0.3872681679999914
34,6403339,64,20,3,0.3,NeighborJoining,41664,36955,0.8869767665130568,0.9674,0.4516129032258065,0.0,0.36657340699980523
35,6403340,64,20,3,0.3,FullTripletTMC_SMJ16,41664,36905,0.8857766897081413,0.8684,0.23529411764705888,0.8966525400001046,5.5349929359999805
35,6403340,64,20,3,0.3,VanillaGreedy,41664,36905,0.8857766897081413,0.543,0.21138211382113825,0.0,0.053675582000096256
35,6403340,64,20,3,0.3,UPGMA,41664,36905,0.8857766897081413,0.9056,0.4516129032258065,0.0,0.4406127429999742
35,6403340,64,20,3,0.3,NeighborJoining,41664,36905,0.8857766897081413,0.7866,0.5,0.0,0.432926266000095
36,6403341,64,20,3,0.3,FullTripletTMC_SMJ16,41664,39002,0.936107910906298,0.9416,0.22033898305084743,0.9631022910000411,6.221268098999872
36,6403341,64,20,3,0.3,VanillaGreedy,41664,39002,0.936107910906298,0.8708,0.32258064516129037,0.0,0.052717328000198904
36,6403341,64,20,3,0.3,UPGMA,41664,39002,0.936107910906298,0.9408,0.467741935483871,0.0,0.35643508899988774
36,6403341,64,20,3,0.3,NeighborJoining,41664,39002,0.936107910906298,0.8728,0.4838709677419355,0.0,0.41910281700006635
37,6403342,64,20,3,0.3,FullTripletTMC_SMJ16,41664,37176,0.8922811059907834,0.8862,0.1367521367521367,0.873501350999959,7.307392489999984
37,6403342,64,20,3,0.3,VanillaGreedy,41664,37176,0.8922811059907834,0.5762,0.11290322580645162,0.0,0.04898485800003982
37,6403342,64,20,3,0.3,UPGMA,41664,37176,0.8922811059907834,0.7572,0.30645161290322576,0.0,0.37850032999995165
37,6403342,64,20,3,0.3,NeighborJoining,41664,37176,0.8922811059907834,0.7682,0.3709677419354839,0.0,0.37794954399987546
38,6403343,64,20,3,0.3,FullTripletTMC_SMJ16,41664,38280,0.918778801843318,0.9632,0.18644067796610164,1.006931121999969,6.855581775000019
38,6403343,64,20,3,0.3,VanillaGreedy,41664,38280,0.918778801843318,0.8408,0.17741935483870963,0.0,0.0566130479999174
38,6403343,64,20,3,0.3,UPGMA,41664,38280,0.918778801843318,0.9912,0.4838709677419355,0.0,0.4215559279998615
38,6403343,64,20,3,0.3,NeighborJoining,41664,38280,0.918778801843318,0.986,0.467741935483871,0.0,0.3955262760000551
39,6403344,64,20,3,0.3,FullTripletTMC_SMJ16,41664,38004,0.9121543778801844,0.9564,0.22033898305084743,0.9651374919999398,5.8548446530001
39,6403344,64,20,3,0.3,VanillaGreedy,41664,38004,0.9121543778801844,0.7502,0.14516129032258063,0.0,0.0572064190000674
39,6403344,64,20,3,0.3,UPGMA,41664,38004,0.9121543778801844,0.9666,0.4516129032258065,0.0,0.5925446719998035
39,6403344,64,20,3,0.3,NeighborJoining,41664,38004,0.9121543778801844,0.79,0.27419354838709675,0.0,0.37550124000017604
40,6403345,64,20,3,0.3,FullTripletTMC_SMJ16,41664,36755,0.8821764592933948,0.817,0.2542372881355932,0.9375456560001112,5.823467300999937
40,6403345,64,20,3,0.3,VanillaGreedy,41664,36755,0.8821764592933948,0.8514,0.20967741935483875,0.0,0.04686333199992987
40,6403345,64,20,3,0.3,UPGMA,41664,36755,0.8821764592933948,0.8982,0.4032258064516129,0.0,0.6207881650000218
40,6403345,64,20,3,0.3,NeighborJoining,41664,36755,0.8821764592933948,0.7968,0.33870967741935487,0.0,0.36723399199991036
41,6403346,64,20,3,0.3,FullTripletTMC_SMJ16,41664,38380,0.921178955453149,0.9508,0.2542372881355932,0.9078936299999896,6.360549180000135
41,6403346,64,20,3,0.3,VanillaGreedy,41664,38380,0.921178955453149,0.7516,0.3548387096774194,0.0,0.0557680330000494
41,6403346,64,20,3,0.3,UPGMA,41664,38380,0.921178955453149,0.9646,0.3709677419354839,0.0,0.651759132000052
41,6403346,64,20,3,0.3,NeighborJoining,41664,38380,0.921178955453149,0.92,0.3870967741935484,0.0,0.3870640820000517
42,6403347,64,20,3,0.3,FullTripletTMC_SMJ16,41664,38195,0.9167386712749616,0.9448,0.1694915254237288,0.9074151729998903,5.99719914100001
42,6403347,64,20,3,0.3,VanillaGreedy,41664,38195,0.9167386712749616,0.744,0.12903225806451613,0.0,0.049152339999864125
42,6403347,64,20,3,0.3,UPGMA,41664,38195,0.9167386712749616,0.9854,0.467741935483871,0.0,0.37499854900011087
42,6403347,64,20,3,0.3,NeighborJoining,41664,38195,0.9167386712749616,0.9032,0.3709677419354839,0.0,0.5988707740000336
43,6403348,64,20,3,0.3,FullTripletTMC_SMJ16,41664,37470,0.8993375576036866,0.7228,0.27118644067796616,1.0006186410000737,5.988277009000058
43,6403348,64,20,3,0.3,VanillaGreedy,41664,37470,0.8993375576036866,0.7416,0.29268292682926833,0.0,0.059283364999828336
43,6403348,64,20,3,0.3,UPGMA,41664,37470,0.8993375576036866,0.9778,0.532258064516129,0.0,0.39261670199994114
43,6403348,64,20,3,0.3,NeighborJoining,41664,37470,0.8993375576036866,0.9716,0.4193548387096774,0.0,0.370322496999961
44,6403349,64,20,3,0.3,FullTripletTMC_SMJ16,41664,36805,0.8833765360983102,0.554,0.1709401709401709,0.9047851209998043,7.720827947000089
44,6403349,64,20,3,0.3,VanillaGreedy,41664,36805,0.8833765360983102,0.6766,0.32258064516129037,0.0,0.0520469509999657
44,6403349,64,20,3,0.3,UPGMA,41664,36805,0.8833765360983102,0.6366,0.467741935483871,0.0,0.43757420099996125
44,6403349,64,20,3,0.3,NeighborJoining,41664,36805,0.8833765360983102,0.701,0.532258064516129,0.0,0.5724663200001032
45,6403350,64,20,3,0.3,FullTripletTMC_SMJ16,41664,37088,0.8901689708141322,0.9704,0.3728813559322034,0.9217634890001136,6.00940564199982
45,6403350,64,20,3,0.3,VanillaGreedy,41664,37088,0.8901689708141322,0.7106,0.29268292682926833,0.0,0.06028307399992627
45,6403350,64,20,3,0.3,UPGMA,41664,37088,0.8901689708141322,0.8564,0.3870967741935484,0.0,0.3918587970001681
45,6403350,64,20,3,0.3,NeighborJoining,41664,37088,0.8901689708141322,0.8934,0.4354838709677419,0.0,0.5987358369998219
46,6403351,64,20,3,0.3,FullTripletTMC_SMJ16,41664,37635,0.9032978110599078,0.9658,0.29059829059829057,0.9122028860001592,7.02329293899993
46,6403351,64,20,3,0.3,VanillaGreedy,41664,37635,0.9032978110599078,0.5892,0.24390243902439024,0.0,0.045372790000101304
46,6403351,64,20,3,0.3,UPGMA,41664,37635,0.9032978110599078,0.9738,0.32258064516129037,0.0,0.3651147000000492
46,6403351,64,20,3,0.3,NeighborJoining,41664,37635,0.9032978110599078,0.7708,0.32258064516129037,0.0,0.6474184629998945
47,6403352,64,20,3,0.3,FullTripletTMC_SMJ16,41664,37910,0.9098982334869432,0.9288,0.2184873949579832,0.9386674299998958,5.36964262000015
47,6403352,64,20,3,0.3,VanillaGreedy,41664,37910,0.9098982334869432,0.9428,0.27419354838709675,0.0,0.052946663999819066
47,6403352,64,20,3,0.3,UPGMA,41664,37910,0.9098982334869432,0.9174,0.33870967741935487,0.0,0.42876287200010665
47,6403352,64,20,3,0.3,NeighborJoining,41664,37910,0.9098982334869432,0.9172,0.3870967741935484,0.0,0.3979923689998941
48,6403353,64,20,3,0.3,FullTripletTMC_SMJ16,41664,38467,0.923267089093702,0.9248,0.27118644067796616,0.940196030999914,6.135065269000052
48,6403353,64,20,3,0.3,VanillaGreedy,41664,38467,0.923267089093702,0.6364,0.17886178861788615,0.0,0.057521147999977984
48,6403353,64,20,3,0.3,UPGMA,41664,38467,0.923267089093702,0.9108,0.3548387096774194,0.0,0.5143880349999108
48,6403353,64,20,3,0.3,NeighborJoining,41664,38467,0.923267089093702,0.7578,0.33870967741935487,0.0,0.3632944729999963
49,6403354,64,20,3,0.3,FullTripletTMC_SMJ16,41664,36738,0.8817684331797235,0.8602,0.2033898305084746,0.900057218000029,6.038350822999973
49,6403354,64,20,3,0.3,VanillaGreedy,41664,36738,0.8817684331797235,0.6528,0.14634146341463417,0.0,0.04971459900002628
49,6403354,64,20,3,0.3,UPGMA,41664,36738,0.8817684331797235,0.7272,0.3548387096774194,0.0,0.3919482170001629
49,6403354,64,20,3,0.3,NeighborJoining,41664,36738,0.8817684331797235,0.72,0.29032258064516125,0.0,0.37288385099986954
