Simulation_ID,Required_k,Target_Accuracy,Type
1,2,0.3848,Simulated (MAX-Cut)
2,2,0.346,Simulated (MAX-Cut)
3,2,0.5006,Simulated (MAX-Cut)
4,2,0.3404,Simulated (MAX-Cut)
5,2,0.4546,Simulated (MAX-Cut)
6,2,0.4734,Simulated (MAX-Cut)
7,2,0.409,Simulated (MAX-Cut)
8,2,0.4516,Simulated (MAX-Cut)
9,2,0.7364,Simulated (MAX-Cut)
10,2,0.4652,Simulated (MAX-Cut)
11,2,0.3578,Simulated (MAX-Cut)
12,2,0.869,Simulated (MAX-Cut)
13,2,0.4872,Simulated (MAX-Cut)
14,2,0.7388,Simulated (MAX-Cut)
15,2,0.8424,Simulated (MAX-Cut)
16,2,0.4178,Simulated (MAX-Cut)
17,2,0.3734,Simulated (MAX-Cut)
18,2,0.8586,Simulated (MAX-Cut)
19,2,0.5252,Simulated (MAX-Cut)
20,2,0.4742,Simulated (MAX-Cut)
1,5,0.845,Simulated (MAX-Cut)
2,5,0.6382,Simulated (MAX-Cut)
3,5,0.6262,Simulated (MAX-Cut)
4,5,0.8514,Simulated (MAX-Cut)
5,5,0.3634,Simulated (MAX-Cut)
6,5,0.425,Simulated (MAX-Cut)
7,5,0.4836,Simulated (MAX-Cut)
8,5,0.8452,Simulated (MAX-Cut)
9,5,0.6346,Simulated (MAX-Cut)
10,5,0.426,Simulated (MAX-Cut)
11,5,0.3784,Simulated (MAX-Cut)
12,5,0.5172,Simulated (MAX-Cut)
13,5,0.4152,Simulated (MAX-Cut)
14,5,0.562,Simulated (MAX-Cut)
15,5,0.5958,Simulated (MAX-Cut)
16,5,0.8782,Simulated (MAX-Cut)
17,5,0.7692,Simulated (MAX-Cut)
18,5,0.919,Simulated (MAX-Cut)
19,5,0.7278,Simulated (MAX-Cut)
20,5,0.5296,Simulated (MAX-Cut)
1,10,0.9128,Simulated (MAX-Cut)
2,10,0.629,Simulated (MAX-Cut)
3,10,0.5996,Simulated (MAX-Cut)
4,10,0.9698,Simulated (MAX-Cut)
5,10,0.768,Simulated (MAX-Cut)
6,10,0.8454,Simulated (MAX-Cut)
7,10,0.8138,Simulated (MAX-Cut)
8,10,0.5082,Simulated (MAX-Cut)
9,10,0.4794,Simulated (MAX-Cut)
10,10,0.9622,Simulated (MAX-Cut)
11,10,0.4816,Simulated (MAX-Cut)
12,10,0.718,Simulated (MAX-Cut)
13,10,0.9554,Simulated (MAX-Cut)
14,10,0.9748,Simulated (MAX-Cut)
15,10,0.9828,Simulated (MAX-Cut)
16,10,0.5662,Simulated (MAX-Cut)
17,10,0.9126,Simulated (MAX-Cut)
18,10,0.5394,Simulated (MAX-Cut)
19,10,0.94,Simulated (MAX-Cut)
20,10,0.6466,Simulated (MAX-Cut)
1,15,0.7,Simulated (MAX-Cut)
2,15,0.9638,Simulated (MAX-Cut)
3,15,0.9996,Simulated (MAX-Cut)
4,15,0.942,Simulated (MAX-Cut)
5,15,0.7634,Simulated (MAX-Cut)
6,15,0.616,Simulated (MAX-Cut)
7,15,0.7158,Simulated (MAX-Cut)
8,15,0.9216,Simulated (MAX-Cut)
9,15,0.9906,Simulated (MAX-Cut)
10,15,0.647,Simulated (MAX-Cut)
11,15,0.7248,Simulated (MAX-Cut)
12,15,1.0,Simulated (MAX-Cut)
13,15,0.7326,Simulated (MAX-Cut)
14,15,0.8892,Simulated (MAX-Cut)
15,15,0.5804,Simulated (MAX-Cut)
16,15,0.7434,Simulated (MAX-Cut)
17,15,0.9314,Simulated (MAX-Cut)
18,15,0.4726,Simulated (MAX-Cut)
19,15,0.974,Simulated (MAX-Cut)
20,15,0.9496,Simulated (MAX-Cut)
1,20,1.0,Simulated (MAX-Cut)
2,20,0.9904,Simulated (MAX-Cut)
3,20,0.9936,Simulated (MAX-Cut)
4,20,0.9228,Simulated (MAX-Cut)
5,20,0.9768,Simulated (MAX-Cut)
6,20,0.9094,Simulated (MAX-Cut)
7,20,0.6196,Simulated (MAX-Cut)
8,20,0.991,Simulated (MAX-Cut)
9,20,0.9238,Simulated (MAX-Cut)
10,20,0.974,Simulated (MAX-Cut)
11,20,0.944,Simulated (MAX-Cut)
12,20,0.811,Simulated (MAX-Cut)
13,20,0.992,Simulated (MAX-Cut)
14,20,0.8068,Simulated (MAX-Cut)
15,20,0.986,Simulated (MAX-Cut)
16,20,0.995,Simulated (MAX-Cut)
17,20,0.7058,Simulated (MAX-Cut)
18,20,0.9142,Simulated (MAX-Cut)
19,20,0.6336,Simulated (MAX-Cut)
20,20,0.9976,Simulated (MAX-Cut)
1,30,1.0,Simulated (MAX-Cut)
2,30,0.9958,Simulated (MAX-Cut)
3,30,0.9966,Simulated (MAX-Cut)
4,30,0.831,Simulated (MAX-Cut)
5,30,0.9958,Simulated (MAX-Cut)
6,30,0.9996,Simulated (MAX-Cut)
7,30,0.9448,Simulated (MAX-Cut)
8,30,0.9692,Simulated (MAX-Cut)
9,30,0.9742,Simulated (MAX-Cut)
10,30,0.9932,Simulated (MAX-Cut)
11,30,0.9412,Simulated (MAX-Cut)
12,30,1.0,Simulated (MAX-Cut)
13,30,0.966,Simulated (MAX-Cut)
14,30,1.0,Simulated (MAX-Cut)
15,30,0.9424,Simulated (MAX-Cut)
16,30,0.9964,Simulated (MAX-Cut)
17,30,0.9748,Simulated (MAX-Cut)
18,30,0.998,Simulated (MAX-Cut)
19,30,0.994,Simulated (MAX-Cut)
20,30,1.0,Simulated (MAX-Cut)
1,40,1.0,Simulated (MAX-Cut)
2,40,0.9972,Simulated (MAX-Cut)
3,40,1.0,Simulated (MAX-Cut)
4,40,1.0,Simulated (MAX-Cut)
5,40,0.9752,Simulated (MAX-Cut)
6,40,0.9972,Simulated (MAX-Cut)
7,40,0.9996,Simulated (MAX-Cut)
8,40,0.9964,Simulated (MAX-Cut)
9,40,1.0,Simulated (MAX-Cut)
10,40,0.9992,Simulated (MAX-Cut)
11,40,0.974,Simulated (MAX-Cut)
12,40,1.0,Simulated (MAX-Cut)
13,40,0.9918,Simulated (MAX-Cut)
14,40,0.9998,Simulated (MAX-Cut)
15,40,0.9754,Simulated (MAX-Cut)
16,40,0.999,Simulated (MAX-Cut)
17,40,0.9754,Simulated (MAX-Cut)
18,40,0.994,Simulated (MAX-Cut)
19,40,1.0,Simulated (MAX-Cut)
20,40,0.988,Simulated (MAX-Cut)
1,50,1.0,Simulated (MAX-Cut)
2,50,1.0,Simulated (MAX-Cut)
3,50,1.0,Simulated (MAX-Cut)
4,50,1.0,Simulated (MAX-Cut)
5,50,1.0,Simulated (MAX-Cut)
6,50,1.0,Simulated (MAX-Cut)
7,50,1.0,Simulated (MAX-Cut)
8,50,0.9996,Simulated (MAX-Cut)
9,50,0.9964,Simulated (MAX-Cut)
10,50,0.9998,Simulated (MAX-Cut)
11,50,1.0,Simulated (MAX-Cut)
12,50,1.0,Simulated (MAX-Cut)
13,50,0.971,Simulated (MAX-Cut)
14,50,1.0,Simulated (MAX-Cut)
15,50,0.9758,Simulated (MAX-Cut)
16,50,1.0,Simulated (MAX-Cut)
17,50,1.0,Simulated (MAX-Cut)
18,50,0.974,Simulated (MAX-Cut)
19,50,0.997,Simulated (MAX-Cut)
20,50,1.0,Simulated (MAX-Cut)
1,75,1.0,Simulated (MAX-Cut)
2,75,1.0,Simulated (MAX-Cut)
3,75,1.0,Simulated (MAX-Cut)
4,75,1.0,Simulated (MAX-Cut)
5,75,0.997,Simulated (MAX-Cut)
6,75,1.0,Simulated (MAX-Cut)
7,75,0.9966,Simulated (MAX-Cut)
8,75,1.0,Simulated (MAX-Cut)
9,75,0.9992,Simulated (MAX-Cut)
10,75,1.0,Simulated (MAX-Cut)
11,75,0.9962,Simulated (MAX-Cut)
12,75,1.0,Simulated (MAX-Cut)
13,75,1.0,Simulated (MAX-Cut)
14,75,1.0,Simulated (MAX-Cut)
15,75,1.0,Simulated (MAX-Cut)
16,75,1.0,Simulated (MAX-Cut)
17,75,1.0,Simulated (MAX-Cut)
18,75,0.801,Simulated (MAX-Cut)
19,75,1.0,Simulated (MAX-Cut)
20,75,1.0,Simulated (MAX-Cut)
1,100,1.0,Simulated (MAX-Cut)
2,100,1.0,Simulated (MAX-Cut)
3,100,1.0,Simulated (MAX-Cut)
4,100,1.0,Simulated (MAX-Cut)
5,100,1.0,Simulated (MAX-Cut)
6,100,1.0,Simulated (MAX-Cut)
7,100,1.0,Simulated (MAX-Cut)
8,100,1.0,Simulated (MAX-Cut)
9,100,1.0,Simulated (MAX-Cut)
10,100,1.0,Simulated (MAX-Cut)
11,100,1.0,Simulated (MAX-Cut)
12,100,1.0,Simulated (MAX-Cut)
13,100,1.0,Simulated (MAX-Cut)
14,100,1.0,Simulated (MAX-Cut)
15,100,1.0,Simulated (MAX-Cut)
16,100,1.0,Simulated (MAX-Cut)
17,100,1.0,Simulated (MAX-Cut)
18,100,1.0,Simulated (MAX-Cut)
19,100,1.0,Simulated (MAX-Cut)
20,100,1.0,Simulated (MAX-Cut)
1,150,1.0,Simulated (MAX-Cut)
2,150,1.0,Simulated (MAX-Cut)
3,150,1.0,Simulated (MAX-Cut)
4,150,1.0,Simulated (MAX-Cut)
5,150,1.0,Simulated (MAX-Cut)
6,150,1.0,Simulated (MAX-Cut)
7,150,1.0,Simulated (MAX-Cut)
8,150,1.0,Simulated (MAX-Cut)
9,150,1.0,Simulated (MAX-Cut)
10,150,1.0,Simulated (MAX-Cut)
11,150,1.0,Simulated (MAX-Cut)
12,150,1.0,Simulated (MAX-Cut)
13,150,1.0,Simulated (MAX-Cut)
14,150,1.0,Simulated (MAX-Cut)
15,150,1.0,Simulated (MAX-Cut)
16,150,1.0,Simulated (MAX-Cut)
17,150,1.0,Simulated (MAX-Cut)
18,150,1.0,Simulated (MAX-Cut)
19,150,1.0,Simulated (MAX-Cut)
20,150,1.0,Simulated (MAX-Cut)
1,200,1.0,Simulated (MAX-Cut)
2,200,1.0,Simulated (MAX-Cut)
3,200,1.0,Simulated (MAX-Cut)
4,200,1.0,Simulated (MAX-Cut)
5,200,1.0,Simulated (MAX-Cut)
6,200,1.0,Simulated (MAX-Cut)
7,200,1.0,Simulated (MAX-Cut)
8,200,1.0,Simulated (MAX-Cut)
9,200,1.0,Simulated (MAX-Cut)
10,200,1.0,Simulated (MAX-Cut)
11,200,1.0,Simulated (MAX-Cut)
12,200,1.0,Simulated (MAX-Cut)
13,200,1.0,Simulated (MAX-Cut)
14,200,1.0,Simulated (MAX-Cut)
15,200,1.0,Simulated (MAX-Cut)
16,200,1.0,Simulated (MAX-Cut)
17,200,1.0,Simulated (MAX-Cut)
18,200,1.0,Simulated (MAX-Cut)
19,200,1.0,Simulated (MAX-Cut)
20,200,1.0,Simulated (MAX-Cut)
